group,code,description,unit,qty_contractual,qty_metrado,add_qty,new_qty,deduction_qty,binding_qty
LP,A,"SUMINISTRO DE MATERIALES",,,,,,,
LP,1,"CRUCETAS DE MADERA DE PROCEDENCIA NACIONAL",,,,,,,
LP,1.01,"Cruceta de madera tratada de 90 mm x 115 mm x 1,20 m",u,11,7,,,4,4
LP,1.02,"Cruceta de madera tratada de 90 mm x 115 mm x 2,00 m",u,2,1,,,1,1
LP,1.03,"Cruceta de madera tratada de 90 mm x 115 mm x 2,40 m",u,1,13,12,,,
LP,1.04,"Listón de madera tratada 50 x 19 mm sección, 2,7 m longitud (incluye clavos de fijación)",u,9,0,,,9,
LP,2,"POSTES DE CONCRETO ARMADO CENTRIFUGADO",,,,,,,
LP,2.01,"Poste de C.A.C. de 12 m/200 daN (Incluye perilla)",u,15,3,,,12,12
LP,2.0199999999999996,"Poste de C.A.C. de 12 m/300 daN (Incluye perilla)",u,6,6,,,,
LP,2.0299999999999994,"Poste de C.A.C. de 13 m/300 daN (Incluye perilla)",u,118,96,,,22,22
LP,2.039999999999999,"Poste de C.A.C. de 13 m/400 daN (Incluye perilla)",u,32,60,28,,,
LP,2.049999999999999,"Poste de C.A.C. de 15 m/400 daN (Incluye perilla)",u,,0,,,,
LP,3,"POSTES DE MADERA IMPORTADA",,,,,,,
LP,3.01,"Poste de madera importada (Pino Amarillo del Sur) de 12 m, Clase 6",u,9,0,,,9,9
LP,3.00A,"POSTES DE FIBRA DE VIDRIO",,,,,,,
LP,3.01A,"Poste de PRFV de 12 m/200 daN",u,,4,,4,,
LP,3.02A,"Poste de PRFV de 12 m/300 daN",u,,11,,11,,
LP,4,"OTROS MATERIALES DE CONCRETO ARMADO",,,,,,,
LP,4.01,"Cruceta Asimétrica de C.A.V. Za / 1,5 / 0,9 / 250 / 200 / 100 daN (Za / L / L1/ T / F / V)",u,2,0,,,2,
LP,4.02,"Ménsula de C.A.V. M / 1,2 / 250 / 150 / 150 daN (M / L / T / F / V)",u,393,84,,,309,122
LP,4.029999999999999,"Ménsula de C.A.V. M / 0,8 / 250 / 150 / 150 daN (M / L / T / F / V)",u,1,0,,,1,
LP,4.05,"Cruceta Simétrica de C.A.V. Z / 2,4 / 300 / 300 / 150 daN (Z/ L / T / F / V)",u,,122,,122,,
LP,5,"AISLADORES Y ACCESORIOS",,,,,,,
LP,5.01,"Aislador de Porcelana Tipo Pin, Clase ANSI 56-3",u,29,24,,,5,5
LP,5.02,"Espiga de AºGº de 609 mm longitud, para Cabeza de Poste y Aislador ANSI 56-3",u,29,24,,,5,5
LP,5.029999999999999,"Conjunto Aislador Line Post Polimérico en Mesula y Cruceta:",u,369,307,,,,
LP,,".- Aislador Polimérico de 36 kV, Tipo Line Post con Espárrago de 19 mm Ø, 200 mm longitud (Alternativa a Conjunto Aislador-Espiga en Cruceta)",,,,,,62,62
LP,6,"AISLADORES DE SUSPENSION Y ACCESORIOS",,,,,,,
LP,6.01,"Grillete Recto",u,155,283,128,,,
LP,6.02,"Aislador Polimerico con Conexión Horquilla (Estructura) y Lengüeta (Linea) de 36 kV, según Especificacion Técnica.",u,155,283,128,,,
LP,7,"CONDUCTOR DE ALEACIÓN DE ALUMINIO",,,,,,,
LP,7.01,"Conductor de Aleacion de Aluminio de 35 mm²",km,53.39999999999999,51.19,,,2.2099999999999937,2.2099999999999937
LP,7.02,"Conductor de Aleacion de Aluminio de 70 mm²",km,1.91,1.17,,,0.74,0.74
LP,8,"ACCESORIOS PARA CONDUCTOR DE ALEACION DE ALUMINIO",,,,,,,
LP,8.01,"Varilla de Armar preformada Simple para Conductor de 35 mm²",u,326,275,,,51,2
LP,8.02,"Varilla de Armar preformada Simple para Conductor de 70 mm²",u,2,2,,,,
LP,8.03,"Manguito de Empalme para Conductor de 35 mm²",u,17,0,,,17,
LP,8.04,"Manguito de Reparacion para Conductor de 35 mm²",u,7,0,,,7,
LP,8.049999999999999,"Grapa de Doble Via de Aluminio para Conductor de 35 mm²",u,84,190,106,,,
LP,8.059999999999999,"Grapa de Doble Via de Aluminio para Conductor de 70 mm²",u,2,6,4,,,
LP,8.069999999999999,"Alambre de Amarre Aluminio Recocido de 16 mm²",m,1052.3,905,,,147.29999999999995,
LP,8.079999999999998,"Amortiguador de Vibracion Tipo Stockbridge para Conductor de 35 mm²",u,4,2,,,2,
LP,8.089999999999998,"Amortiguador de Vibracion Tipo Stockbridge para Conductor de 70 mm²",u,8,6,,,2,
LP,8.099999999999998,"Grapa de Angulo para Conductor de 35 mm²",u,14,2,,,12,12
LP,8.109999999999998,"Grapa de Angulo para Conductor de 70 mm²",u,4,0,,,4,
LP,8.119999999999997,"Grapa de Anclaje para Conductor de 35 mm²",u,129,273,144,,,
LP,8.129999999999997,"Grapa de Anclaje para Conductor de 70 mm²",u,8,8,,,,
LP,8.14,"Cinta plana de armar de aluminio",m,,281,,281,,
LP,8.15,"Varilla de Armar preformada Doble para Conductor de 35 mm²",u,,2,,2,,
LP,9,"CONDUCTOR DE COBRE",,,,,,,
LP,9.01,"Cable de Acero con Recubrimiento Metalúrgico de Cu de 4 AWG (21,15 mm²), para Puesta a Tierra",m,2936.1,3162.9,226.80000000000018,,,
LP,10,"MATERIAL DE FERRETERIA PARA POSTES Y CRUCETAS",,,,,,,
LP,10.01,"Perno Cabeza Coche de AºGº de 13 mm Ø x 152 mm longitud, 76 mm maquinado, con Arandela, Tuerca y Contratuerca",u,9,33,24,,,
LP,10.02,"Perno de A°G° de 13 mm Ø x 254 mm, provisto de Tuerca y Contratuerca",u,26,0,,,26,26
LP,10.03,"Perno de A°G° de 13 mm Ø x 305 mm, provisto de Tuerca y Contratuerca",u,7,21,14,,,
LP,10.04,"Perno de A°G° de 16 mm Ø x 254 mm, provisto de Tuerca y Contratuerca",u,18,172,154,,,
LP,10.049999999999999,"Perno de A°G° de 16 mm Ø x 305 mm, provisto de Tuerca y Contratuerca",u,18,14,,,4,4
LP,10.059999999999999,"Perno de A°G° de 16 mm Ø x 356 mm, provisto de Tuerca y Contratuerca",u,8,5,,,3,3
LP,10.069999999999999,"Perno de A°G° de 16 mm Ø x 508 mm, provisto de Tuerca y Contratuerca",u,3,104,101,,,
LP,10.079999999999998,"Perno Doble Armado de A°G° de 16 mm Ø x 508 mm, provisto de 4 Tuercas y 4 Contratuercas",u,380,107,,,273,101
LP,10.089999999999998,"Perno Ojo de A°G° de 16 mm Ø x 254 mm, provisto de Tuerca y Contratuerca",u,61,70,9,,,
LP,10.099999999999998,"Perno Ojo de A°G° de 16 mm Ø x 305 mm, provisto de Tuerca y Contratuerca",u,47,21,,,26,24
LP,10.109999999999998,"Perno Ojo de A°G° de 16 mm Ø x 356 mm, provisto de Tuerca y Contratuerca",u,9,0,,,9,9
LP,10.119999999999997,"Tuerca-Ojo para Perno de 16 mm Ø",u,38,112,74,,,
LP,10.129999999999997,"Tirafondo de A°G° de 13 mm ø x 102 mm de longitud",u,4,0,,,4,14
LP,10.139999999999997,"Brazo-Soporte (Riostra) de Perfil Angular de A°G° de 38 x 38 x 5 mm y 710 mm longitud",u,13,33,20,,,
LP,10.149999999999997,"Arandela Cuadrada Plana de A° G°, 57 x 57 x 5 mm, Agujero de 18 mm Ø",u,618,518,,,100,
LP,10.159999999999997,"Arandela Cuadrada curva de A° G°, 57 x 57 x 5 mm, Agujero de 18 mm Ø",u,979,772,,,207,
LP,10.169999999999996,"Plantillas para Identificación y/o codificación de Postes (Peligro, Identificación y/o codificación y Fases)",Jgo.,21,22,1,,,
LP,10.179999999999996,"Placa de Señal de Peligro y accesorios de fijación",u,9,0,,,9,1
LP,10.189999999999996,"Placa de Identificación y/o codificación de Estructura y accesorios de fijación",u,9,0,,,9,1
LP,10.199999999999996,"Placa de Secuencia de Fases y accesorios de fijación",u,9,0,,,9,1
LP,10.209999999999996,"Perno Ojo de A°G° de 16 mm Ø x 203 mm, provisto de Tuerca y Contratuerca",u,,24,,24,,
LP,10.219999999999995,"Soporte separador de vertice de postes de A°G° fabricado con platina de 76 X 6,4 mm",u,,2,,2,,
LP,10.229999999999995,"Braquete de A°G° para soporte de aislador tipo Line Post en cabea de poste",u,,75,,75,,
LP,11,"RETENIDAS Y ANCLAJES",,,,,,,
LP,11.01,"Cable de Acero Grado Siemens Martin, de 10 mm Ø, 7 hilos",m,881,0,,,881,
LP,11.02,"Varilla de Anclaje de A°G° de 16 mm Ø x 2,40 m, provisto de Ojal Guardacabo en un extremo; Tuerca y Contratuerca en el otro",u,66,83,17,,,
LP,11.03,"Mordaza Preformada de A°G° para Cable de 10 mm Ø",u,208,166,,,42,
LP,11.04,"Alambre de Acero N° 14 para Entorchado",m,312,124.5,,,187.5,
LP,11.049999999999999,"Arandela de Anclaje de A°G°, 102 x 102 x 6,35 mm, Agujero de 18 mmø",u,66,83,17,,,
LP,11.059999999999999,"Soporte de Contrapunta de 51 mm ø x 1200 mm de longitud, con Abrazadera partida en un extremo y Grapa de Ajuste para Cable en el otro",u,12,0,,,12,
LP,11.069999999999999,"Abrazadera de 4 sectores para Retenida, de 75 mm de altura, 6,35 mm de espesor y 70 kN de resistencia. Diámetro según dimensiones del poste, incluye 4 pernos de 12,7 mm Ø x 63,5 mm y 4 arandelas",u,66,83,17,,,
LP,11.079999999999998,"Enlace metálico, de 254 mm x 75 mm x 38 mm, de 70 kN de resistencia",u,66,83,17,,,
LP,11.089999999999998,"Aislador Polimerico con Conexión Horquilla (Estructura) y Lengüeta (Linea) de 36 kV, según Especificacion Técnica, para Retenida Aislada.",u,66,83,17,,,
LP,11.099999999999998,"Grillete de Acero de 70 kN",u,85,83,,,2,
LP,11.109999999999998,"Bloque de Concreto de 0,40 x 0,40 x 0,15 m",u,66,83,17,,,
LP,11.119999999999997,"Tuerca-Ojo para Perno de 16 mm Ø",u,22,0,,,22,
LP,11.129999999999997,"Arandela Cuadrada Plana de A° G°, 57 x 57 x 5 mm, Agujero de 18 mm Ø",u,39,0,,,39,
LP,11.14,"Cable de acero grado Alta Resistencia (HS), de 10 mm ø, 7 hilos",m,,1162,,1162,,
LP,12,"MATERIAL PARA PUESTA A TIERRA",,,,,,,
LP,12.01,"Electrodo de Acero Recubierto de Cobre de 16 mm Ø x 2,40 m",u,15,16,1,,,
LP,12.02,"Plancha Doblada de Cobre para toma a Tierra de Espigas y/o Pernos",u,518,450,,,68,
LP,12.03,"Conector de Bronce para Electrodo de 16 mm ø y Cable de Acero con Recubrimiento Metalúrgico de Cobre de 4 AWG (21,15 mm2)",u,15,100,85,,,
LP,12.04,"Conector de Cobre tipo Perno Partido para Cable de Acero con Recubrimiento Metalúrgico de Cobre de 4 AWG (21,15 mm2)",u,428,262,,,166,
LP,12.049999999999999,"Caja Registro de Concreto para Puesta a Tierra 0,50 x 0,50 x 0,45 m",u,15,16,1,,,
LP,12.059999999999999,"Grapa en 'U' para fijar conductor de PAT a Madera",u,204,171,,,33,
LP,12.069999999999999,"Placa de Señalización de Poste (Puesta a Tierra)",u,2,0,,,2,2
LP,12.079999999999998,"Plantilla para Señalización de Poste (Puesta a Tierra)",u,6,15,9,,,
LP,12.089999999999998,"Tubo Plastico de PVC SAP de 19 mm ø x 0,5 m ( incluye curva de plastico de 19 mm ø x 90º)",u,180,156,,,24,
LP,12.1,"Bentonita sódica saco de 30 kg",u,,48,,48,,
LP,13,"EQUIPO DE PROTECCION Y MANIOBRA",,,,,,,
LP,13.01,"Seccionador Fusible Unipolar Tipo Expulsion (Cut-Out) de 27/38 kV, 100A, 150 kV-BIL.",u,15,13,,,2,
LP,13.02,"Fusible Tipo Expulsion de 3 A, Tipo K",u,12,7,,,5,3
LP,13.03,"Fusible Tipo Expulsion de 6 A, Tipo K",u,3,6,3,,,
LP,13.04,"Pararrayos de Oxido Metalico, 21 kV, 10 KA Clase 1",u,15,5,,,10,28
LP,13.05,"Pararrayos de Oxido Metalico, 12 kV, 10 KA Clase 1",u,,28,,28,,
LP,14,"TRAMO SUBTERRANEO",,,,,,,
LP,14.01,"Abrazadera AºGº 36MMD.P.N2XSY",u,24,37,13,,,
LP,14.02,"Terminacion Autocontraible N2XSY 8,7/15kV 1x50 mm2. Exterior",u,30,36,6,,,
LP,14.03,"Cable de Energía N2XSY 1x50 mm2 8,7/15kV",m,673.12,1174.7511499999998,501.6311499999998,,,
LP,14.04,"Tubo PVC-SAP 4' ø y Codo 90° de 4' ø",u,12,10,,,2,
LP,14.049999999999999,"Arandela de presion de A°G° de 9.5 mm ø",u,25,32,7,,,
LP,14.059999999999999,"Perno CCAW, ø 9.5mm x 38 mm LONG",u,23,32,9,,,
LP,14.069999999999999,"Terminal de compresion bimetalico",u,32,64,32,,,
LP,14.079999999999998,"Fleje de acero inoxidable 19mm, espesor 0.8mm, provisto de Hebilla",m,53,55,2,,,
LP,14.089999999999998,"Perfil 'U' de A° G° de 150 x 105 x 4.5 mm y 3.00m de Longitud",u,10,10,,,,
LP,14.099999999999998,"Ductos de concretos de 2 Vias",u,60,0,,,60,60
LP,14.11,"Ducto de concreto de 4 vias",u,,76,,76,,
LP,14.12,"Ladrillos común",u,,2031,,2031,,
LP,14.13,"Cinta de señalizacion y peligro color rojo",u,,309,,309,,
LP,14.14,"Espuma Expansiva (Frasco)",u,,15,,15,,
LP,14.15,"Tubo A°G° DE 4' ø y 3.00 m de longitud",u,,0,,,,
LP,,"TOTAL SUMINISTRO DE MATERIALES",,,,,,,
LP,B,"MONTAJE ELECTROMECÁNICO",,,,,,,
LP,1,"OBRAS PRELIMINARES",,,,,,,
LP,1.01,"Estudio de Coordinación de la Protección y Balance de Cargas",Global,1,1,,,,
LP,1.02,"Monitoreo e Inspección del Ministerio de Cultura ( Incluye Líneas Primarias, Redes Primarias, Redes Secundarias y SFV )",Global,1,1,,,,
LP,1.03,"Programa de Monitoreo Ambiental (Incluye Línea Primarias, Red Primaria, Red Secundaria y SFV)",Global,1,1,,,,
LP,1.04,"Programa de Manejo de Residuos",Global,1,1,,,,
LP,1.05,"Programa de Talleres de Información y de Medidas Preventivas y/o Correctivas",Global,1,1,,,,
LP,1.06,"Cartel para Obra",u,1,1,,,,
LP,1.07,"Despeje de Árboles Dentro de la Franja de Servidumbre",Ha,0.68,0.69,0.009999999999999898,,,
LP,1.08,"Elaboración del Expediente Técnico Sustentatorio de Gestión de Servidumbre (1original + 3copias). Incluye Levantamiento Topografico, y presentacion digitalizada del Expediente",km,22.95,21.65,,,1.3000000000000007,
LP,1.09,"Replanteo Topografico y ubicación de estructuras de Lineas Primarias, incluye elaboracion de planos de concesion rural",u,,21.65,,21.65,,
LP,2,"TRANSPORTE DE MATERIALES DE ALMACEN EN OBRA A PUNTO DE INSTALACIÒN",,,,,,,
LP,2.01,"Transporte de Poste de 12 m/200 daN de Almacen a Punto de Izaje, en Terreno con Acceso Carrozable",u,14,3,,,11,11
LP,2.0199999999999996,"Transporte de Poste de 12 m/200 daN de Almacen a Punto de Izaje, en Terreno sin Acceso Carrozable (< 1000 m)",u,1,0,,,1,1
LP,2.0299999999999994,"Transporte de Poste de 12 m/300 daN de Almacen a Punto de Izaje, en Terreno con Acceso Carrozable",u,5,6,1,,,
LP,2.039999999999999,"Transporte de Poste de 12 m/300 daN de Almacen a Punto de Izaje, en Terreno sin Acceso Carrozable (< 1000 m)",u,1,0,,,1,1
LP,2.049999999999999,"Transporte de Poste de 13 m/300 daN de Almacen a Punto de Izaje, en Terreno con Acceso Carrozable",u,118,96,,,22,22
LP,2.0599999999999987,"Transporte de Poste de 13 m/400 daN de Almacen a Punto de Izaje, en Terreno con Acceso Carrozable",u,32,60,28,,,
LP,2.0699999999999985,"Transporte de Poste de madera importada (Pino Amarillo del Sur) de 12m, Clase 6 de Almacen a Punto de Izaje, en Terreno con Acceso Carrozable",u,2,0,,,2,2
LP,2.0799999999999983,"Transporte de Poste de madera importada (Pino Amarillo del Sur) de 12m, Clase 6 de Almacen a Punto de Izaje, en Terreno sin Acceso Carrozable (< 1000 m)",u,7,0,,,7,7
LP,2.089999999999998,"Transporte de Cruceta de madera tratada de 90 mm x 115 mm x 1,20 m, de Almacen a Punto de Instalaciòn en Terreno con Acceso Carrozable",u,10,5,,,5,1
LP,2.099999999999998,"Transporte de Cruceta de madera tratada de 90 mm x 115 mm x 1,20 m, de Almacen a Punto de Instalaciòn en Terreno sin Acceso Carrozable (< 1000 m)",u,1,2,1,,,
LP,2.1099999999999977,"Transporte de Ménsula de C.A.V y Cruceta Asimétrica de C.A.V, de Almacen a Punto de Instalaciòn en Terreno con Acceso Carrozable",u,396,84,,,312,123
LP,2.1199999999999974,"Transporte de Cruceta de madera tratada de 90 mm x 115 mm x 2,40 m y 2,00 m, de Almacen a Punto de Instalaciòn en Terreno con Acceso Carrozable",u,3,14,11,,,
LP,2.1299999999999972,"Transporte de Aislador de Porcelana Tipo Pin, Clase ANSI 56-3 de Almacén a Punto de Instalaciòn en Terreno con Acceso Carrozable",u,23,9,,,14,9
LP,2.139999999999997,"Transporte de Aislador de Porcelana Tipo Pin, Clase ANSI 56-3 de Almacén a Punto de Instalaciòn en Terreno sin Acceso Carrozable (< 1000 m)",u,6,15,9,,,
LP,2.149999999999997,"Transporte de Aislador Line Post Polimérico de Almacén a Punto de Instalaciòn en Terreno con Acceso Carrozable",u,369,307,,,62,62
LP,2.1599999999999966,"Transporte de Aislador Polimerico con Conexión Horquilla (Estructura) y Lengüeta (Linea), de 36 Kv y según Especificacion Técnica. de Almacen a Punto de Intalaciòn en Terreno con Acceso Carrozable",u,208,266,58,,,
LP,2.1699999999999964,"Transporte de Aislador Polimerico con Conexión Horquilla (Estructura) y Lengüeta (Linea), de 36 Kv y según Especificacion Técnica. de Almacen a Punto de Intalaciòn en Terreno sin Acceso Carrozable (< 1000 m)",u,13,17,4,,,
LP,2.179999999999996,"Transporte de Conductor de Aleacion de Aluminio de 35 mm² de Almacen a Punto de Intalaciòn en Terreno con Acceso Carrozable",km,52.01,50.11,,,1.8999999999999986,
LP,2.189999999999996,"Transporte de Conductor de Aleacion de Aluminio de 35 mm² de Almacen a Punto de Intalaciòn en Terreno sin Acceso Carrozable (< 1000 m)",km,1.39,1.07,,,0.31999999999999984,
LP,2.1999999999999957,"Transporte de Conductor de Aleacion de Aluminio de 70 mm² de Almacen a Punto de Instalaciòn en Terreno con Acceso Carrozable",km,1.16,1.17,0.010000000000000009,,,
LP,2.2099999999999955,"Transporte de Conductor de Aleacion de Aluminio de 70 mm² de Almacen a Punto de Instalaciòn en Terreno sin Acceso Carrozable (< 1000 m)",km,0.75,0,,,0.75,0.010000000000000009
LP,2.2199999999999953,"Transporte de Seccionador Fusible Unipolar Tipo Expulsion (Cut-Out) de 27/38 kV, 100A, 150 kV-BIL. de Almacen a Punto de Instalaciòn en Terreno con Acceso Carrozable",u,13,11,,,2,
LP,2.23,"Transporte de Seccionador Fusible Unipolar Tipo Expulsion (Cut-Out) de 27/38 kV, 100A, 150 kV-BIL. de Almacen a Punto de Instalaciòn en Terreno sin Acceso Carrozable (< 1000 m)",u,2,2,,,,
LP,2.23999999999999,"Transporte de Pararrayos de Oxido Metalico, 21 kV, 10 KA Clase 1 de Almacen a Punto de Montaje en Terreno con Acceso Carrozable",u,13,31,18,,,8
LP,2.24999999999999,"Transporte de Pararrayos de Oxido Metalico, 21 kV, 10 KA Clase 1 de Almacen a Punto de Montaje en Terreno sin Acceso Carrozable (< 1000 m)",u,2,2,,,,
LP,2.25999999999999,"Transporte de Bloque de Concreto de 0,40 x 0,40 x 0,15 m, de Almacen a Punto de Instalaciòn en Terreno con Acceso Carrozable",u,62,73,11,,,
LP,2.26999999999999,"Transporte de Bloque de Concreto de 0,40 x 0,40 x 0,15 m, de Almacen a Punto de Instalaciòn en Terreno sin Acceso Carrozable (< 1000 m)",u,4,10,6,,,
LP,2.27999999999999,"Transporte de Caja Registro de Concreto para Puesta a Tierra 0,50 x 0,50 x 0,45 m, de Almacen a Punto de Montaje en Terreno con Acceso Carrozable",u,13,16,3,,,
LP,2.28999999999999,"Transporte de Caja Registro de Concreto para Puesta a Tierra 0,50 x 0,50 x 0,45 m, de Almacen a Punto de Montaje en Terreno sin Acceso Carrozable (< 1000 m)",u,2,0,,,2,2
LP,2.29999999999999,"Transporte de cable de acero con recubrimiento metalurgico de Cu de 4AWG de Almacen a Punto de Intalaciòn en Terreno con Acceso Carrozable",km,2.91,2.97,0.06000000000000005,,,
LP,2.30999999999999,"Transporte de cable de acero con recubrimiento metalurgico de Cu de 4AWG de Almacen a Punto de Intalaciòn en Terreno sin Acceso Carrozable (< 1000 m)",km,0.03,0.2,0.17,,,
LP,2.31999999999999,"Transporte de Ductos de concretos de 2 Vias de almacen a punto de Instalacion en Terreno con Acceso Carrozable",u,60,0,,,60,60
LP,2.32999999999999,"Transporte de Terminacion Autocontraible de Almacen a Punto de Instalacion en Terreno con Acceso Carrozable",u,30,36,6,,,
LP,2.33999999999999,"Transporte de Accesorios de Ferreteria (Para Postes , conductores, Retenidas y PAT) de Almacen a Punto de Instalaciòn con Acceso Carrozable",Global,1,0.9999999999999974,,,2.55351295663786e-15,
LP,2.34999999999999,"Transporte de Accesorios de Ferreteria (Para Postes , conductores, Retenidas y PAT) de Almacen a Punto de Instalaciòn sin Acceso Carrozable (< 1000 m)",Global,1,0.9999999999999974,,,2.55351295663786e-15,
LP,2.3599999999999923,"Transporte de poste de PRFV de 12 m/200 de Almacen a Punto de Izaje, en Terreno sin Acceso Carrozable (< 1000 m)",u,,4,,4,,
LP,2.369999999999992,"Transporte de poste de PRFV de 12 m/300 de Almacen a Punto de Izaje, en Terreno sin Acceso Carrozable (< 1000 m)",u,,11,,11,,
LP,2.379999999999992,"Transporte de poste de 15/400 de Almacen a Punto de Izaje, en Terreno con Acceso Carrozable",u,,0,,,,
LP,2.37999999999999,"Transporte de Cruceta Simétrica de C.A.V. Z / 2,4 / 300 / 300 / 150 daN (Z/ L / T / F / V), de Almacen a Punto de Instalaciòn en Terreno con Acceso Carrozable",u,,122,,122,,
LP,2.3899999999999917,"Transporte de Cable de Energía N2XSY 1x50 mm2 8,7/15kV, de Almacen a Punto de Instalaciòn en Terreno con Acceso Carrozable",km,,1.17,,1.17,,
LP,2.39999999999999,"Transporte de Ductos de concretos de 4 Vias de almacen a punto de Instalacion en Terreno con Acceso Carrozable",u,,76,,76,,
LP,2.40999999999999,"Transporte de ladrillos de almacen a punto de Instalacion en Terreno con Acceso Carrozable",u,,2031,,2031,,
LP,3,"INSTALACION DE POSTES",,,,,,,
LP,3.01,"Excavación en Terreno Tipo I (Arcilloso y Conglomerado)",,190.59,180.36,,,10.22999999999999,2.750000000000001
LP,3.0199999999999996,"Excavación en Terreno Tipo II (Rocoso)",,6.55,9.3,2.750000000000001,,,
LP,3.0299999999999994,"Izaje, Identificación y/o codificación, y Señalización de Poste de madera importada de 12 m, Clase 6 (*)",u,9,0,,,9,9
LP,3.039999999999999,"Izaje, Identificación y/o codificación, y Señalización de Poste de 13 m/300 daN (*)",u,118,96,,,22,22
LP,3.049999999999999,"Izaje, Identificación y/o codificación, y Señalización de Poste de 13 m/400 daN (*)",u,32,60,28,,,
LP,3.0599999999999987,"Izaje, Identificación y/o codificación, y Señalización de Poste de 12 m/300 daN (*)",u,6,6,,,,
LP,3.0699999999999985,"Izaje, Identificación y/o codificación, y Señalización de Poste de 12 m/200 daN (*)",u,15,3,,,12,12
LP,3.0799999999999983,"Relleno y Compactación para cimentación de Poste 12m, en Terreno Tipo I (Arcilloso y Conglomerado)",,19.7,18,,,1.6999999999999993,
LP,3.089999999999998,"Relleno y Compactación para cimentación de Poste 12m, en Terreno Tipo II (Rocoso)",,5.11,0,,,5.11,
LP,3.099999999999998,"Cimentación con Concreto Ciclópeo de Poste de 13m en Terreno Tipo I (Arcilloso y Conglomerado)",u,143,156,13,,,
LP,3.1099999999999977,"Cimentación con Concreto Ciclópeo de Poste de 13m en Terreno Tipo II (Rocoso)",u,7,0,,,7,7
LP,3.1199999999999974,"Solado para poste de concreto (e=0.10 m. C:H, 1:8)",u,150,156,6,,,
LP,3.1299999999999972,"Izaje, Identificación y/o codificación, y Señalización de Poste de PRFV 12 m/200",u,,4,,4,,
LP,3.139999999999997,"Izaje, Identificación y/o codificación, y Señalización de Poste de PRFV 12 m/300",u,,11,,11,,
LP,3.149999999999997,"Izaje, Identificación y/o codificación, y Señalización de Poste de 15 m/400 daN (*)",u,,0,,,,
LP,3.1599999999999966,"Cimentación con Concreto Ciclópeo de Poste de 15m en Terreno Tipo I (Arcilloso y Conglomerado)",u,,0,,,,
LP,4,"INSTALACION DE RETENIDAS",,,,,,,
LP,4.01,"Excavación en Terreno Tipo I (Arcilloso y Conglomerado)",,69.44,87.36,17.92,,,
LP,4.02,"Excavación en Terreno Tipo II (Rocoso)",,4.48,5.6,1.1199999999999992,,,
LP,4.029999999999999,"Instalación de Retenida Inclinada",u,36,83,47,,,
LP,4.039999999999999,"Instalación de Retenida Inclinada en Y",u,18,0,,,18,18
LP,4.049999999999999,"Instalación de Retenida Vertical",u,11,0,,,11,11
LP,4.059999999999999,"Instalación de Retenida Vertical en Y",u,1,0,,,1,1
LP,4.0699999999999985,"Relleno y Compactación en Terreno Tipo I de Retenida",,68.2,85.8,17.599999999999994,,,
LP,4.079999999999998,"Relleno y Compactación en Terreno Tipo II de Retenida",,4.4,5.5,1.0999999999999996,,,
LP,5,"MONTAJE DE ARMADOS",,,,,,,
LP,5.01,"Armado PS1-0 (0°-5°) Monofasico retorno por tierra",Jgo.,2,7,5,,,
LP,5.02,"Armado PA2-0 (30°-60°) Monofásico retorno por tierra",Jgo.,1,0,,,1,1
LP,5.029999999999999,"Armado PR3-0 Anclaje Monofásico retorno por tierra",Jgo.,11,7,,,4,4
LP,5.039999999999999,"Armado TS-0 Soporte de Retención, monofásico, retorno por tierra",Jgo.,9,3,,,6,6
LP,5.049999999999999,"Armado Tipo PSVE-3M Soporte de suspensión vertical 0° a 10° trifásico",Jgo.,80,18,,,62,62
LP,5.059999999999999,"Armado DS-0 Soporte derivación no tensada monofásico sin neutro",Jgo.,7,5,,,2,2
LP,5.0699999999999985,"Armado DS-2 Soporte derivación no tensada bifásico sin neutro",Jgo.,1,1,,,,
LP,5.079999999999998,"Armado DS-3 Soporte derivación tensada trifásico sin neutro",Jgo.,1,1,,,,
LP,5.089999999999998,"Armado PSVE-2 Soporte de suspensión vertical 0° a 10° bifásico sin neutro",Jgo.,33,3,,,30,30
LP,5.099999999999998,"Armado TSVE-2M Sopte. Retención, susp. vertical, bifasico",Jgo.,9,0,,,9,9
LP,5.109999999999998,"Armado TSECVE-3PM Soporte Secc. 3ø,retorno p/ tierra c",Jgo.,1,1,,,,
LP,5.119999999999997,"Armado TSEC-0P Soporte Secc. 1ø,retorno p/ tierra c/ Pararrayos",Jgo.,7,5,,,2,2
LP,5.129999999999997,"Armado PA2VE-3M Trifásico sin neutro",Jgo.,3,0,,,3,3
LP,5.139999999999997,"Armado DS-3V Soporte derivación tensada trifásico sin neutro",Jgo.,1,1,,,,
LP,5.149999999999997,"Armado PTVE-3SEC Soporte Terminal Vert. Trifásico sin neutro",Jgo.,1,0,,,1,1
LP,5.159999999999997,"Armado PRVE-3M Soporte de retención vertical, trifásico sin neutro",Jgo.,2,7,5,,,
LP,5.169999999999996,"Armado PRVE-2M Soporte de retención vertical, Bifásico sin neutro",Jgo.,4,0,,,4,4
LP,5.179999999999996,"Armado PRVE-3Mp Soporte de retención vertical, trifásico sin neutro",Jgo.,4,0,,,4,4
LP,5.189999999999996,"Armado TSVE-2SEC Soporte Secc. 2ø,retorno p/ tierra c",Jgo.,1,0,,,1,1
LP,5.199999999999996,"Armado PTVE-3B Soporte . 3ø,retorno p/ tierra c",Jgo.,5,0,,,5,5
LP,5.2099999999999955,"Armado PA2VE-2M bifásico sin neutro",Jgo.,2,0,,,2,2
LP,5.219999999999995,"Armado TSVE-3M Soporte . 3ø,retorno p/ tierra c",Jgo.,3,0,,,3,3
LP,5.229999999999995,"Armado P3A2-0 Anclaje Monofásico retorno por tierra",Jgo.,,2,,2,,
LP,5.239999999999995,"Armado PS1-2 (0°-5°) Soporte en alineamiento, bifásico sin neutro",Jgo.,,26,,26,,
LP,5.249999999999995,"Armado PA1-2 (5°-30°) Soporte de ángulo, bifásico sin neutro",Jgo.,,1,,1,,
LP,5.2599999999999945,"Armado PA2-2 (30°-60°) soporte de ángulo, bifásico sin neutro",Jgo.,,1,,1,,
LP,5.269999999999994,"Armado PA3-2 (60°-90°) Soporte retención, bifásico sin neutro",Jgo.,,4,,4,,
LP,5.279999999999994,"Armado PR3-2 (0°-5°) Soporte retención, bifásico sin neutro",Jgo.,,4,,4,,
LP,5.289999999999994,"Armado TS-2 Soporte de Retencion, bifásico sin neutro",Jgo.,,4,,4,,
LP,5.299999999999994,"Armado PTH-2 Soporte terminal, bifásico sin neutro",Jgo.,,2,,2,,
LP,5.309999999999993,"Armado PSEC-2P soporte con seccionamiento, bifásico sin neutro",Jgo.,,1,,1,,
LP,5.319999999999993,"Armado PS1-3 / PS1-3L (0°-5°) Soporte en alineamiento, trifásico sin neutro",Jgo.,,52,,52,,
LP,5.329999999999993,"Armado TS-3 / TS-3L Soporte de Retencion, trifásico sin neutro",Jgo.,,2,,2,,
LP,5.339999999999993,"Armado PR-3 / PR3-3L (0°-5°) Soporte de Retencion, trifásico sin neutro",Jgo.,,21,,21,,
LP,5.3499999999999925,"Armado PTH-3 /PTH-3L Soporte terminal, trifásico sin neutro",Jgo.,,8,,8,,
LP,5.359999999999992,"Armado PSEC-3P soporte con seccionamiento, trifásico sin neutro",Jgo.,,1,,1,,
LP,6,"MONTAJE DE CONDUCTORES",,,,,,,
LP,6.01,"Tendido y Puesta en Flecha de Conductor de Aleación de aluminio de 35 mm², Por Fase, Incluye Instalación de Amortiguadores.",km,53.4,51.18,,,2.219999999999999,2.219999999999999
LP,6.02,"Tendido y Puesta en Flecha de Conductor de Aleación de aluminio de 70 mm², Por Fase, Incluye Instalación de Amortiguadores.",km,1.91,1.17,,,0.74,0.74
LP,7,"INSTALACION DE PUESTA A TIERRA",,,,,,,
LP,7.01,"Excavación en Terreno Tipo I (Arcilloso y Conglomerado)",,261.15,284.22,23.07000000000005,,,
LP,7.02,"Excavación en Terreno Tipo II (Rocoso)",,12.56,15.1,2.539999999999999,,,
LP,7.029999999999999,"Instalacion de Puesta a Tierra Tipo PAT-1C (Contrapeso). Instalación en Poste de Concreto Armado",u,158,162,4,,,
LP,7.039999999999999,"Instalación de Puesta a Tierra Tipo PAT-1 con un Electrodo Vertical. Instalación en Poste de Concreto Armado Centrifugado (Incluye instalación de una Caja de Registro).",u,13,10,,,3,
LP,7.049999999999999,"Instalacion de Puesta a Tierra Tipo PAT-1C (Contrapeso). Instalación en Poste de Madera.",u,7,0,,,7,
LP,7.059999999999999,"Instalación de Puesta a Tierra Tipo PAT-1 con un Electrodo Vertical. Instalación en Poste de Madera (Incluye instalación de una Caja de Registro).",u,2,0,,,2,
LP,7.0699999999999985,"Relleno y compactación de puesta a tierra con material adecuado",,269.6,296.4,26.799999999999955,,,
LP,7.08,"Instalación de Puesta a Tierra Tipo PAT-2 con dos Electrodos Verticales. Instalación en Poste de Concreto Armado Centrifugado (Incluye instalación de dos Cajas de Registro)",u,,8,,8,,
LP,7.09,"Instalación de Puesta a Tierra Tipo PAT-3 con tres Electrodos Verticales. Instalación en Poste de Concreto Armado Centrifugado (Incluye instalación de tres Cajas de Registro).",u,,0,,,,
LP,8,"MONTAJE DE REDES SUBTERRANEAS",,,,,,,
LP,8.01,"Excavacion de Zanja en Terreno Tipo I (Arcilloso y Conglomerado)",,86.3,175.84,89.54,,,
LP,8.02,"Excavacion de Zanja en Terreno Tipo II (Rocoso)",,12.33,9.25,,,3.08,3.08
LP,8.03,"Relleno y compactacion de Zanja con material adecuado",,98.63,185.1,86.47,,,
LP,8.04,"Instalación de ductos de 2 Vias",u,60,0,,,60,60
LP,8.049999999999999,"Tendido de Cable de Energía N2XSY 1x50 mm2 8,7/15 KV (Incluye conexionado)",m,673.12,764.75,91.63,,,
LP,8.059999999999999,"Instalacion de Terminales Autocontraibles Exterior",u,30,36,6,,,
LP,8.069999999999999,"Instalación de ductos de 4 Vias (cruzadas en carretera)",m,,76,,76,,
LP,8.079999999999998,"Instalacion de ladrillos de proteccion y señalizacion",u,,2031,,2031,,
LP,8.09,"Buzon de concreto",u,,10,,10,,
LP,9,"PRUEBAS Y PUESTA EN SERVICIO",,,,,,,
LP,9.01,"Pruebas y Puesta en Servicio de Lineas Primarias",km,22.95,21.65,,,1.3000000000000007,
LP,9.02,"Expediente Técnico Final Conforme a Obra y de Concesión Rural de Líneas Primarias (1 Original + 3 Copias), incluye la presentacion digitalizada de textos y planos en CD.",km,22.95,21.65,,,1.3000000000000007,
LP,,"TOTAL MONTAJE ELECTROMECANICO",,,,,,,
LP,C,"TRANSPORTE DE MATERIALES",,,,,,,
LP,1,"CRUCETAS DE MADERA DE PROCEDENCIA NACIONAL",,,,,,,
LP,1.01,"Cruceta de madera tratada de 90 mm x 115 mm x 1,20 m",u,11,7,,,4,4
LP,1.02,"Cruceta de madera tratada de 90 mm x 115 mm x 2,00 m",u,2,1,,,1,1
LP,1.03,"Cruceta de madera tratada de 90 mm x 115 mm x 2,40 m",u,1,13,12,,,
LP,1.04,"Listón de madera tratada 50 x 19 mm sección, 2,7 m longitud (incluye clavos de fijación)",u,9,0,,,9,
LP,2,"POSTES DE CONCRETO ARMADO CENTRIFUGADO",,,,,,,
LP,2.01,"Poste de C.A.C. de 12 m/200 daN (Incluye perilla)",u,15,3,,,12,12
LP,2.0199999999999996,"Poste de C.A.C. de 12 m/300 daN (Incluye perilla)",u,6,6,,,,
LP,2.0299999999999994,"Poste de C.A.C. de 13 m/300 daN (Incluye perilla)",u,118,96,,,22,22
LP,2.039999999999999,"Poste de C.A.C. de 13 m/400 daN (Incluye perilla)",u,32,60,28,,,
LP,2.05,"Poste de C.A.C. de 15 m/400 daN (Incluye perilla)",m,,0,,,,
LP,3,"POSTES DE MADERA IMPORTADA",,,,,,,
LP,3.01,"Poste de madera importada (Pino Amarillo del Sur) de 12 m, Clase 6",u,9,0,,,9,9
LP,3.00A,"POSTES DE FIBRA DE VIDRIO",,,,,,,
LP,3.01A,"Poste de PRFV de 12 m/200 daN",u,,4,,4,,
LP,3.02A,"Poste de PRFV de 12 m/300 daN",u,,11,,11,,
LP,4,"OTROS MATERIALES DE CONCRETO ARMADO",,,,,,,
LP,4.01,"Cruceta Asimétrica de C.A.V. Za / 1,5 / 0,9 / 250 / 200 / 100 daN (Za / L / L1/ T / F / V)",u,2,0,,,2,
LP,4.02,"Ménsula de C.A.V. M / 1,2 / 250 / 150 / 150 daN (M / L / T / F / V)",u,393,84,,,309,122
LP,4.029999999999999,"Ménsula de C.A.V. M / 0,8 / 250 / 150 / 150 daN (M / L / T / F / V)",u,1,0,,,1,
LP,4.04,"Cruceta Simétrica de C.A.V. Z / 2,4 / 300 / 300 / 150 daN (Z/ L / T / F / V)",u,,122,,122,,
LP,5,"AISLADORES Y ACCESORIOS",,,,,,,
LP,5.01,"Aislador de Porcelana Tipo Pin, Clase ANSI 56-3",u,29,24,,,5,5
LP,5.02,"Espiga de AºGº de 609 mm longitud, para Cabeza de Poste y Aislador ANSI 56-3",u,29,24,,,5,5
LP,5.029999999999999,"Conjunto Aislador Line Post Polimérico en Mesula y Cruceta:",u,369,307,,,,
LP,,".- Aislador Polimérico de 36 kV, Tipo Line Post con Espárrago de 19 mm Ø, 200 mm longitud (Alternativa a Conjunto Aislador-Espiga en Cruceta)",,,,,,62,62
LP,6,"AISLADORES DE SUSPENSION Y ACCESORIOS",,,,,,,
LP,6.01,"Grillete Recto",u,155,283,128,,,
LP,6.02,"Aislador Polimerico con Conexión Horquilla (Estructura) y Lengüeta (Linea) de 36 kV, según Especificacion Técnica.",u,155,283,128,,,
LP,7,"CONDUCTOR DE ALEACIÓN DE ALUMINIO",,,,,,,
LP,7.01,"Conductor de Aleacion de Aluminio de 35 mm²",km,53.39999999999999,51.19,,,2.2099999999999937,2.2099999999999937
LP,7.02,"Conductor de Aleacion de Aluminio de 70 mm²",km,1.91,1.17,,,0.74,0.74
LP,8,"ACCESORIOS PARA CONDUCTOR DE ALEACION DE ALUMINIO",,,,,,,
LP,8.01,"Varilla de Armar preformada Simple para Conductor de 35 mm²",u,326,275,,,51,
LP,8.02,"Varilla de Armar preformada Simple para Conductor de 70 mm²",u,2,2,,,,
LP,8.03,"Manguito de Empalme para Conductor de 35 mm²",u,17,0,,,17,
LP,8.04,"Manguito de Reparacion para Conductor de 35 mm²",u,7,0,,,7,
LP,8.049999999999999,"Grapa de Doble Via de Aluminio para Conductor de 35 mm²",u,84,190,106,,,
LP,8.059999999999999,"Grapa de Doble Via de Aluminio para Conductor de 70 mm²",u,2,6,4,,,
LP,8.069999999999999,"Alambre de Amarre Aluminio Recocido de 16 mm²",m,1052.3,905,,,147.29999999999995,
LP,8.079999999999998,"Amortiguador de Vibracion Tipo Stockbridge para Conductor de 35 mm²",u,4,2,,,2,
LP,8.089999999999998,"Amortiguador de Vibracion Tipo Stockbridge para Conductor de 70 mm²",u,8,6,,,2,
LP,8.099999999999998,"Grapa de Angulo para Conductor de 35 mm²",u,14,2,,,12,
LP,8.109999999999998,"Grapa de Angulo para Conductor de 70 mm²",u,4,0,,,4,
LP,8.119999999999997,"Grapa de Anclaje para Conductor de 35 mm²",u,129,273,144,,,
LP,8.129999999999997,"Grapa de Anclaje para Conductor de 70 mm²",u,8,8,,,,
LP,8.14,"Cinta plana de armar de aluminio",m,,281,,281,,
LP,8.15,"Varilla de Armar preformada Doble para Conductor de 35 mm²",u,,2,,2,,
LP,9,"CONDUCTOR DE COBRE",,,,,,,
LP,9.01,"Cable de Acero con Recubrimiento Metalúrgico de Cu de 4 AWG (21,15 mm²), para Puesta a Tierra",m,2936.1,3162.9,226.80000000000018,,,
LP,10,"MATERIAL DE FERRETERIA PARA POSTES Y CRUCETAS",,,,,,,
LP,10.01,"Perno Cabeza Coche de AºGº de 13 mm Ø x 152 mm longitud, 76 mm maquinado, con Arandela, Tuerca y Contratuerca",u,9,33,24,,,
LP,10.02,"Perno de A°G° de 13 mm Ø x 254 mm, provisto de Tuerca y Contratuerca",u,26,0,,,26,26
LP,10.03,"Perno de A°G° de 13 mm Ø x 305 mm, provisto de Tuerca y Contratuerca",u,7,21,14,,,
LP,10.04,"Perno de A°G° de 16 mm Ø x 254 mm, provisto de Tuerca y Contratuerca",u,18,172,154,,,
LP,10.049999999999999,"Perno de A°G° de 16 mm Ø x 305 mm, provisto de Tuerca y Contratuerca",u,18,14,,,4,4
LP,10.059999999999999,"Perno de A°G° de 16 mm Ø x 356 mm, provisto de Tuerca y Contratuerca",u,8,5,,,3,3
LP,10.069999999999999,"Perno de A°G° de 16 mm Ø x 508 mm, provisto de Tuerca y Contratuerca",u,3,104,101,,,
LP,10.079999999999998,"Perno Doble Armado de A°G° de 16 mm Ø x 508 mm, provisto de 4 Tuercas y 4 Contratuercas",u,380,107,,,273,101
LP,10.089999999999998,"Perno Ojo de A°G° de 16 mm Ø x 254 mm, provisto de Tuerca y Contratuerca",u,61,70,9,,,
LP,10.099999999999998,"Perno Ojo de A°G° de 16 mm Ø x 305 mm, provisto de Tuerca y Contratuerca",u,47,21,,,26,
LP,10.109999999999998,"Perno Ojo de A°G° de 16 mm Ø x 356 mm, provisto de Tuerca y Contratuerca",u,9,0,,,9,9
LP,10.119999999999997,"Tuerca-Ojo para Perno de 16 mm Ø",u,38,112,74,,,
LP,10.129999999999997,"Tirafondo de A°G° de 13 mm ø x 102 mm de longitud",u,4,0,,,4,14
LP,10.139999999999997,"Brazo-Soporte (Riostra) de Perfil Angular de A°G° de 38 x 38 x 5 mm y 710 mm longitud",u,13,33,20,,,
LP,10.149999999999997,"Arandela Cuadrada Plana de A° G°, 57 x 57 x 5 mm, Agujero de 18 mm Ø",u,618,518,,,100,
LP,10.159999999999997,"Arandela Cuadrada curva de A° G°, 57 x 57 x 5 mm, Agujero de 18 mm Ø",u,979,772,,,207,
LP,10.169999999999996,"Plantillas para Identificación y/o codificación de Postes (Peligro, Identificación y/o codificación y Fases)",Jgo.,21,22,1,,,
LP,10.179999999999996,"Placa de Señal de Peligro y accesorios de fijación",u,9,0,,,9,1
LP,10.189999999999996,"Placa de Identificación y/o codificación de Estructura y accesorios de fijación",u,9,0,,,9,1
LP,10.199999999999996,"Placa de Secuencia de Fases y accesorios de fijación",u,9,0,,,9,1
LP,10.209999999999996,"Perno Ojo de A°G° de 16 mm Ø x 203 mm, provisto de Tuerca y Contratuerca",u,,24,,24,,
LP,10.219999999999995,"Soporte separador de vertice de postes de A°G° fabricado con platina de 76 X 6,4 mm",u,,2,,2,,
LP,10.229999999999995,"Braquete de A°G° para soporte de aislador tipo Line Post en cabea de poste",u,,75,,75,,
LP,11,"RETENIDAS Y ANCLAJES",,,,,,,
LP,11.01,"Cable de Acero Grado Siemens Martin, de 10 mm Ø, 7 hilos",m,881,0,,,881,
LP,11.02,"Varilla de Anclaje de A°G° de 16 mm Ø x 2,40 m, provisto de Ojal Guardacabo en un extremo; Tuerca y Contratuerca en el otro",u,66,83,17,,,
LP,11.03,"Mordaza Preformada de A°G° para Cable de 10 mm Ø",u,208,166,,,42,
LP,11.04,"Alambre de Acero N° 14 para Entorchado",m,312,124.5,,,187.5,
LP,11.049999999999999,"Arandela de Anclaje de A°G°, 102 x 102 x 6,35 mm, Agujero de 18 mmø",u,66,83,17,,,
LP,11.059999999999999,"Soporte de Contrapunta de 51 mm ø x 1200 mm de longitud, con Abrazadera partida en un extremo y Grapa de Ajuste para Cable en el otro",u,12,0,,,12,
LP,11.069999999999999,"Abrazadera de 4 sectores para Retenida, de 75 mm de altura, 6,35 mm de espesor y 70 kN de resistencia. Diámetro según dimensiones del poste, incluye 4 pernos de 12,7 mm Ø x 63,5 mm y 4 arandelas",u,66,83,17,,,
LP,11.079999999999998,"Enlace metálico, de 254 mm x 75 mm x 38 mm, de 70 kN de resistencia",u,66,83,17,,,
LP,11.089999999999998,"Aislador Polimerico con Conexión Horquilla (Estructura) y Lengüeta (Linea) de 36 kV, según Especificacion Técnica, para Retenida Aislada.",u,66,83,17,,,
LP,11.099999999999998,"Grillete de Acero de 70 kN",u,85,83,,,2,
LP,11.109999999999998,"Bloque de Concreto de 0,40 x 0,40 x 0,15 m",u,66,83,17,,,
LP,11.119999999999997,"Tuerca-Ojo para Perno de 16 mm Ø",u,22,0,,,22,
LP,11.129999999999997,"Arandela Cuadrada Plana de A° G°, 57 x 57 x 5 mm, Agujero de 18 mm Ø",u,39,0,,,39,
LP,11.14,"Cable de acero grado Alta Resistencia (HS), de 10 mm ø, 7 hilos",m,,1162,,1162,,
LP,12,"MATERIAL PARA PUESTA A TIERRA",,,,,,,
LP,12.01,"Electrodo de Acero Recubierto de Cobre de 16 mm Ø x 2,40 m",u,15,16,1,,,
LP,12.02,"Plancha Doblada de Cobre para toma a Tierra de Espigas y/o Pernos",u,518,450,,,68,
LP,12.03,"Conector de Bronce para Electrodo de 16 mm ø y Cable de Acero con Recubrimiento Metalúrgico de Cobre de 4 AWG (21,15 mm2)",u,15,100,85,,,
LP,12.04,"Conector de Cobre tipo Perno Partido para Cable de Acero con Recubrimiento Metalúrgico de Cobre de 4 AWG (21,15 mm2)",u,428,262,,,166,
LP,12.049999999999999,"Caja Registro de Concreto para Puesta a Tierra 0,50 x 0,50 x 0,45 m",u,15,16,1,,,
LP,12.059999999999999,"Grapa en 'U' para fijar conductor de PAT a Madera",u,204,171,,,33,
LP,12.069999999999999,"Placa de Señalización de Poste (Puesta a Tierra)",u,2,0,,,2,2
LP,12.079999999999998,"Plantilla para Señalización de Poste (Puesta a Tierra)",u,6,15,9,,,
LP,12.089999999999998,"Tubo Plastico de PVC SAP de 19 mm ø x 0,5 m ( incluye curva de plastico de 19 mm ø x 90º)",u,180,156,,,24,
LP,12.1,"Bentonita sódica saco de 30 kg",u,,48,,48,,
LP,13,"EQUIPO DE PROTECCION Y MANIOBRA",,,,,,,
LP,13.01,"Seccionador Fusible Unipolar Tipo Expulsion (Cut-Out) de 27/38 kV, 100A, 150 kV-BIL.",u,15,13,,,2,
LP,13.02,"Fusible Tipo Expulsion de 3 A, Tipo K",u,12,7,,,5,3
LP,13.03,"Fusible Tipo Expulsion de 6 A, Tipo K",u,3,6,3,,,
LP,13.04,"Pararrayos de Oxido Metalico, 21 kV, 10 KA Clase 1",u,15,5,,,10,28
LP,13.05,"Pararrayos de Oxido Metalico, 12 kV, 10 KA Clase 1",u,,28,,28,,
LP,14,"TRAMO SUBTERRANEO",,,,,,,
LP,14.01,"Abrazadera AºGº 36MMD.P.N2XSY",u,24,37,13,,,
LP,14.02,"Terminacion Autocontraible N2XSY 8,7/15kV 1x50 mm2. Exterior",u,30,36,6,,,
LP,14.03,"Cable de Energía N2XSY 1x50 mm2 8,7/15kV",m,673.12,1174.7511499999998,501.6311499999998,,,
LP,14.04,"Tubo PVC-SAP 4' ø y Codo 90° de 4' ø",u,12,10,,,2,
LP,14.049999999999999,"Arandela de presion de A°G° de 9.5 mm ø",u,25,32,7,,,
LP,14.059999999999999,"Perno A°G°, ø 9.5mm x 38 mm LONG",u,23,32,9,,,
LP,14.069999999999999,"Terminal de compresion bimetalico",u,32,64,32,,,
LP,14.079999999999998,"Fleje de acero inoxidable 19mm, espesor 0.8mm, provisto de Hebilla",m,53,55,2,,,
LP,14.089999999999998,"Perfil 'U' de A° G° de 150 x 75 x 4.5 mm y 3.00m de Longitud",u,10,10,,,,
LP,14.099999999999998,"Ductos de concretos de 2 Vias",u,60,0,,,60,60
LP,14.11,"Ducto de concreto de 4 vias",u,,76,,76,,
LP,14.13,"Ladrillos común",u,,2031,,2031,,
LP,14.14,"Cinta de señalizacion y peligro color rojo",u,,309,,309,,
LP,14.15,"Espuma Expansiva (Frasco)",u,,15,,15,,
LP,14.16,"Tubo A°G° DE 4' ø y 3.00 m de longitud",u,,0,,,,
LP,,"TOTAL TRANSPORTE DE MATERIALES",,,,,,,
RP,A,"SUMINISTRO DE MATERIALES",,,,,,,
RP,1,"CRUCETAS DE MADERA DE PROCEDENCIA NACIONAL",,,,,,,
RP,1.01,"Cruceta de madera tratada de 90 mm x 115 mm x 1,20 m",u,13,10,,,3,3
RP,1.02,"Listón de madera tratada 50 x 19 mm sección, 2,7 m longitud (incluye clavos de fijación)",u,2,0,,,2,
RP,1.03,"Cruceta de madera tratada de 90 mm x 115 mm x 2,00 m",u,,2,,2,,
RP,1.04,"Cruceta de madera tratada de 90 mm x 115 mm x 2,40 m",u,,3,,3,,
RP,,"6",,,,,,,
RP,2,"POSTES DE CONCRETO ARMADO CENTRIFUGADO",,,,,,,
RP,2.01,"Poste de C.A.C. de 12 m/200 daN (Incluye perilla)",u,3,1,,,2,2
RP,2.0199999999999996,"Poste de C.A.C. de 12 m/300 daN (Incluye perilla)",u,11,13,2,,,
RP,2.0299999999999994,"Poste de C.A.C. de 13 m/300 daN (Incluye perilla)",u,10,11,1,,,
RP,2.039999999999999,"Poste de C.A.C. de 13 m/400 daN (Incluye perilla)",u,10,14,4,,,
RP,,"9",,,,,,,
RP,3,"POSTES DE MADERA IMPORTADA",,,,,,,
RP,3.01,"Poste de madera importada (Pino Amarillo del Sur) de 12 m, Clase 5",u,2,0,,,2,2
RP,3.00A,"POSTES DE FIBRA DE VIDRIO",,,,,,,
RP,3.01A,"Poste de PRFV de 12 m/200 daN",,,0,,,,
RP,3.02A,"Poste de PRFV de 12 m/300 daN",,,5,,5,,
RP,4,"OTROS MATERIALES DE CONCRETO ARMADO",,,,,,,
RP,4.01,"Cruceta Asimétrica de C.A.V. Za / 1,5 / 0,9 / 250 / 200 / 100 daN (Za / L / L1/ T / F / V)",u,5,5,,,,
RP,4.02,"Ménsula de C.A.V. M / 1,2 / 250 / 150 / 150 daN (M / L / T / F / V)",u,40,60,20,,,
RP,4.029999999999999,"Plataforma de Concreto Soporte de Transformador de 2,20 m, carga de trabajo de 500 daN",u,5,5,,,,
RP,5,"AISLADORES Y ACCESORIOS",,,,,,,
RP,5.01,"Aislador de Porcelana Tipo Pin, Clase ANSI 56-3",u,16,25,9,,,
RP,5.02,"Espiga de AºGº de 609 mm longitud, para Cabeza de Poste y Aislador ANSI 56-3",u,16,17,1,,,
RP,5.029999999999999,"Conjunto Aislador Line Post Polimérico en Cruceta:",u,40,50,10,,,
RP,,"- Aislador Polimérico de 36 kV, Tipo Line Post con Espárrago de 19 mm Ø, 200 mm longitud (Alternativa a Conjunto Aislador-Espiga en Cruceta)",,,,,,,
RP,5.04,"Espiga para cruceta, forjada de 381mm LONG. Para aislador Tipo Pin, Clase ANSI 56-3",u,,8,,8,,
RP,6,"AISLADORES DE SUSPENSIÓN Y ACCESORIOS",,,,,,,
RP,6.01,"Grillete Recto",u,16,23,7,,,
RP,6.02,"Aislador Polimerico con Conexión Horquilla (Estructura) y Lengüeta (Linea) de 36 kV, según Especificacion Técnica.",u,16,23,7,,,
RP,7,"CONDUCTOR DE ALEACIÓN DE ALUMINIO",,,,,,,
RP,7.01,"Conductor de Aleacion de Aluminio de 35 mm²",km,3.51,3.9891797999999996,0.4791797999999998,,,
RP,8,"ACCESORIOS PARA CONDUCTOR DE ALEACION ALUMINIO",,,,,,,
RP,8.01,"Varilla de Armar preformada Simple para Conductor de 35 mm²",u,41,47,6,,,
RP,8.02,"Grapa de Doble Via de Aluminio para Conductor de 35 mm²",u,41,40,,,1,
RP,8.03,"Alambre de Amarre Aluminio Recocido de 16 mm²",m,170,227.5,57.5,,,
RP,8.04,"Grapa de Anclaje para Conductor de 35 mm²",u,16,22,6,,,
RP,8.049999999999999,"Varilla de Armar preformada Doble para Conductor de 35 mm²",u,,3,,3,,
RP,8.059999999999999,"Cinta plana de armar de aluminio",m,,13.799999999999999,,13.799999999999999,,
RP,9,"CONDUCTOR DE COBRE",,,,,,,
RP,9.01,"Cable de Acero con Recubrimiento Metalúrgico de Cu de 4 AWG (21,15 mm²), para Puesta a Tierra",m,717.5,431.5,,,286,
RP,10,"MATERIAL DE FERRETERIA PARA POSTES Y CRUCETAS",,,,,,,
RP,10.01,"Perno Cabeza Coche de AºGº de 13 mm Ø x 152 mm longitud, 76 mm maquinado, con Arandela, Tuerca y Contratuerca",u,13,20,7,,,
RP,10.02,"Perno de A°G° de 13 mm Ø x 305 mm, provisto de Tuerca y Contratuerca",u,13,15,2,,,
RP,10.03,"Perno de A°G° de 16 mm Ø x 254 mm, provisto de Tuerca y Contratuerca",u,32,25,,,7,6
RP,10.04,"Perno de A°G° de 16 mm Ø x 305 mm, provisto de Tuerca y Contratuerca",u,26,30,4,,,
RP,10.049999999999999,"Perno de A°G° de 16 mm Ø x 356 mm, provisto de Tuerca y Contratuerca",u,13,15,2,,,
RP,10.059999999999999,"Perno Ojo de A°G° de 16 mm Ø x 254 mm, provisto de Tuerca y Contratuerca",u,16,7,,,9,
RP,10.069999999999999,"Perno Doble Armado de A°G° de 16 mm Ø x 508 mm, provisto de 4 Tuercas y 4 Contratuercas",u,50,60,10,,,
RP,10.079999999999998,"Tirafondo de A°G° de 13 mm ø x 102 mm de longitud",u,2,0,,,2,2
RP,10.089999999999998,"Brazo-Soporte (Riostra) de Perfil Angular de A°G° de 38 x 38 x 5 mm y 710 mm longitud",u,13,20,7,,,
RP,10.099999999999998,"Arandela Cuadrada Plana de A° G°, 57 x 57 x 5 mm, Agujero de 18 mm Ø",u,107,149,42,,,
RP,10.109999999999998,"Arandela Cuadrada Curva de A° G°, 57 x 57 x 5 mm, Agujero de 18 mm Ø",u,211,212,1,,,
RP,10.119999999999997,"Plantillas para Identificación y/o codificación de Postes (Peligro, Identificación y/o codificación y Fases)",Jgo.,34,17,,,17,
RP,10.129999999999997,"Placa de Señal de Peligro y accesorios de fijación",u,2,0,,,2,
RP,10.139999999999997,"Placa de Identificación y/o codificación de Estructura y accesorios de fijación",u,2,0,,,2,
RP,10.149999999999997,"Placa de Secuencia de Fases y accesorios de fijación",u,2,0,,,2,
RP,10.159999999999997,"Perno de A°G° de 16 mm Ø x 457 mm, provisto de tuerca y contratuerca",u,,6,,6,,
RP,10.169999999999996,"Soporte separador de vértice de poste de A°G° fabricado con platina de 76 x 6,4 mm",u,,6,,6,,
RP,10.179999999999996,"Tubo espaciador de A°G° de 19 mm x 38 mm Ø",u,,6,,6,,
RP,11,"RETENIDAS Y ANCLAJES",,,,,,,
RP,11.01,"Cable de Acero Grado Siemens Martin, de 10 mm Ø, 7 hilos",u,154,0,,,154,
RP,11.02,"Varilla de Anclaje de A°G° de 16 mm Ø x 2,40 m, provisto de Ojal Guardacabo en un extremo; Tuerca y Contratuerca en el otro",u,9,14,5,,,
RP,11.03,"Mordaza Preformada de A°G° para Cable de 10 mm Ø",u,38,72,34,,,
RP,11.04,"Alambre de Acero N° 14 para Entorchado",u,36,21,,,15,
RP,11.049999999999999,"Arandela de Anclaje de A°G°, 102 x 102 x 6,35 mm, Agujero de 18 mmø",u,9,14,5,,,
RP,11.059999999999999,"Grillete de Acero de 70 kN",u,16,14,,,2,
RP,11.069999999999999,"Enlace metálico, de 254 mm x 75 mm x 38 mm, de 70 kN de resistencia",m,9,14,5,,,
RP,11.079999999999998,"Aislador Polimerico con Conexión Horquilla (Estructura) y Lengüeta (Linea) de 36 kV, según Especificacion Técnica, para Retenida Aislada.",u,9,14,5,,,
RP,11.089999999999998,"Bloque de Concreto de 0,40 x 0,40 x 0,15 m",u,9,14,5,,,
RP,11.099999999999998,"Tuerca-Ojo para Perno de 16 mm Ø",u,5,8,3,,,
RP,11.109999999999998,"Abrazadera de 4 sectores para Retenida, de 75 mm de altura, 6,35 mm de espesor y 70 kN de resistencia. Diámetro según dimensiones del poste, incluye 4 pernos de 12,7 mm Ø x 63,5 mm y 4 arandelas",u,9,14,5,,,
RP,11.12,"Cable de acero grado Alta Resistencia (HS), de 10 mm ø, 7 hilos",u,,212,,212,,
RP,12,"MATERIAL PARA PUESTA A TIERRA",,,,,,,
RP,12.01,"Electrodo de Acero Recubierto de Cobre de 16 mm Ø x 2,40 m",u,49,45,,,4,
RP,12.02,"Caja Registro de Concreto para Puesta a Tierra 0,50 x 0,50 x 0,45 m",u,49,45,,,4,
RP,12.03,"Plancha Doblada de Cobre para toma a Tierra de Espigas y/o Pernos",u,72,117,45,,,
RP,12.04,"Conector de Bronce para Electrodo de 16 mm ø y Cable de Acero con Recubrimiento Metalúrgico de Cobre de 4 AWG (21,15 mm2)",u,49,45,,,4,
RP,12.049999999999999,"Conector de Cobre tipo Perno Partido para Cable de Acero con Recubrimiento Metalúrgico de Cobre de 4 AWG (21,15 mm2)",u,150,101,,,49,
RP,12.059999999999999,"Grapa en 'U' para fijar conductor de PAT a Madera",u,140,40,,,100,
RP,12.069999999999999,"Tubo Plastico de PVC SAP de 19 mm ø x 0,5 m ( incluye curva de plastico de 19 mm ø x 90º)",u,34,59,25,,,
RP,12.079999999999998,"Placa de Señalización de Poste (Puesta a Tierra)",u,2,0,,,2,
RP,12.089999999999998,"Plantilla para Señalización de Poste (Puesta a Tierra)",u,34,15,,,19,
RP,12.1,"Bentonita sódica saco de 30 kg",u,,135,,135,,
RP,13,"EQUIPO DE PROTECCION Y MANIOBRA",,,,,,,
RP,13.01,"Seccionador Fusible Unipolar Tipo Expulsion (Cut-Out) de 27/38 kV, 100A, 150 kV-BIL.",u,23,22,,,1,
RP,13.02,"Fusible Tipo Expulsion de 2 A, Tipo K",u,23,22,,,1,
RP,13.03,"Pararrayos de Oxido Metalico, 21 kV, 10 KA Clase 1",u,23,12,,,11,10
RP,13.04,"Pararrayos de Oxido Metalico, 12 kV, 10 KA Clase 1",u,,10,,10,,
RP,14,"TRANSFORMADORES DE DISTRIBUCION",,,,,,,
RP,14.01,"Transformador Monofásico Fase - Neutro de 5 kVA; 13,2 / 0,46-0,23 kV",u,13,8,,,5,2
RP,14.02,"Transformador Monofásico Fase - Fase de 5 kVA; 13,8 / 0,46-0,23 kV",u,3,1,,,2,2
RP,14.03,"Transformador Monofásico Fase - Fase de 10 kVA; 13,8 / 0,46-0,23 kV",u,2,1,,,1,1
RP,14.04,"Transformador Monofásico Fase - Fase de 5 kVA; 22,9 / 0,46-0,23 kV",u,,2,,2,,
RP,14.05,"Transformador Monofásico Fase - Fase de 37.5 kVA; 13,8 / 0,46-0,23 kV",u,,3,,3,,
RP,15,"TABLEROS DE DISTRIBUCIÓN",,,,,,,
RP,15.01,"Tableros de Distribución Completa para S.E. Monofásica de 5 kVA; 440-220V",u,16,11,,,5,2
RP,15.02,"Tableros de Distribución Completa para S.E. Monofásica de 10 kVA; 440-220V",u,2,1,,,1,1
RP,15.03,"Tableros de Distribución Completa para S.E. Monofásica de 25 kVA; 440-220V",u,,0,,,,
RP,15.04,"Tableros de Distribución Completa para S.E. Monofásica de 37.5 kVA; 440-220V",u,,3,,3,,
RP,16,"CABLES DE ENERGÍA DE BAJA TENSIÓN",,,,,,,
RP,16.01,"Cable NYY, 1 kV, 1 x 16 mm²",m,90,60,,,30,
RP,16.020000000000003,"Cable NYY, 1 kV, 1 x 25 mm²",m,180,128,,,52,36
RP,16.03,"Cable NYY, 1 kV, 1 x 35 mm²",m,,36,,36,,
RP,,"TOTAL SUMINISTRO DE MATERIALES",,,,,,,
RP,B,"MONTAJE ELECTROMECÁNICO",,,,,,,
RP,1,"TRANSPORTE DE MATERIALES DE ALMACEN EN OBRA A PUNTO DE INSTALACIÒN",,,,,,,
RP,1.01,"Transporte de Poste de 12 m/200 daN de Almacen a Punto de Izaje, en Terreno con Acceso Carrozable",u,3,1,,,2,2
RP,1.02,"Transporte de Poste de 12 m/300 daN de Almacen a Punto de Izaje, en Terreno con Acceso Carrozable",u,11,13,2,,,
RP,1.03,"Transporte de Poste de 13 m/300 daN de Almacen a Punto de Izaje, en Terreno con Acceso Carrozable",u,10,11,1,,,
RP,1.04,"Transporte de Poste de 13 m/400 daN de Almacen a Punto de Izaje, en Terreno con Acceso Carrozable",u,10,14,4,,,
RP,1.05,"Transporte de Poste de madera importado de 12 m, Clase 5 de Almacen a Punto de Izaje, en Terreno sin Acceso Carrozable (< 1000 m)",u,2,0,,,2,2
RP,1.06,"Transporte de Cruceta de madera tratada de 90 mm x 115 mm x 1,20 m, de Almacen a Punto de Instalaciòn en Terreno con Acceso Carrozable",u,11,5,,,6,3
RP,1.07,"Transporte de Cruceta de madera tratada de 90 mm x 115 mm x 1,20 m, de Almacen a Punto de Instalaciòn en Terreno sin Acceso Carrozable (< 1000 m)",u,2,5,3,,,
RP,1.08,"Transporte de Aislador de Porcelana Tipo Pin, Clase ANSI 56-3 de Almacén a Punto de Instalaciòn en Terreno con Acceso Carrozable",u,14,21,7,,,
RP,1.09,"Transporte de Aislador de Porcelana Tipo Pin, Clase ANSI 56-3 de Almacén a Punto de Instalaciòn en Terreno sin Acceso Carrozable (< 1000 m)",u,2,4,2,,,
RP,1.1,"Transporte de Aislador Line Post Polimérico de Almacén a Punto de Instalaciòn en Terreno con Acceso Carrozable",u,40,50,10,,,
RP,1.11,"Transporte de Aislador Polimerico con Conexión Horquilla (Estructura) y Lengüeta (Linea), de 36 Kv y según Especificacion Técnica. de Almacen a Punto de Intalaciòn en Terreno con Acceso Carrozable",u,25,22,,,3,3
RP,1.12,"Transporte de Conductor de Aleacion de Aluminio de 35 mm² de Almacen a Punto de Intalaciòn en Terreno con Acceso Carrozable",km,3.46,3.8289824999999995,0.36898249999999955,,,
RP,1.1300000000000001,"Transporte de Conductor de Aleacion de Aluminio de 35 mm² de Almacen a Punto de Intalaciòn en Terreno sin Acceso Carrozable (< 1000 m)",km,0.05,0.16019729999999996,0.11019729999999996,,,
RP,1.1400000000000001,"Transporte de Seccionador Fusible Unipolar Tipo Expulsion (Cut-Out) de 27/38 kV, 100A, 150 kV-BIL. de Almacen a Punto de Instalaciòn en Terreno con Acceso Carrozable",u,21,17,,,4,3
RP,1.1500000000000001,"Transporte de Seccionador Fusible Unipolar Tipo Expulsion (Cut-Out) de 27/38 kV, 100A, 150 kV-BIL. de Almacen a Punto de Instalaciòn en Terreno sin Acceso Carrozable (< 1000 m)",u,2,5,3,,,
RP,1.1600000000000001,"Transporte de Pararrayos de Oxido Metalico, 21 kV, 10 KA Clase 1 de Almacen a Punto de Montaje en Terreno con Acceso Carrozable",u,21,17,,,4,13
RP,1.1700000000000002,"Transporte de Pararrayos de Oxido Metalico, 21 kV, 10 KA Clase 1 de Almacen a Punto de Montaje en Terreno sin Acceso Carrozable (< 1000 m)",u,2,5,3,,,
RP,1.1800000000000002,"Transporte de Bloque de Concreto de 0,40 x 0,40 x 0,15 m, de Almacen a Punto de Instalaciòn en Terreno con Acceso Carrozable",u,9,14,5,,,
RP,1.1900000000000002,"Transporte de Caja Registro de Concreto para Puesta a Tierra 0,50 x 0,50 x 0,45 m, de Almacen a Punto de Montaje en Terreno con Acceso Carrozable",u,43,30,,,13,9
RP,1.2000000000000002,"Transporte de Caja Registro de Concreto para Puesta a Tierra 0,50 x 0,50 x 0,45 m, de Almacen a Punto de Montaje en Terreno sin Acceso Carrozable (< 1000 m)",u,6,15,9,,,
RP,1.2100000000000002,"Transporte de Cable de Acero con Recubrimiento Metalurgico de Cu de 4AWG de Almacen a Punto de Intalaciòn en Terreno con Acceso Carrozable",km,0.6799999999999999,0.32,,,0.35999999999999993,
RP,1.2200000000000002,"Transporte de Cable de Acero con Recubrimiento Metalurgico de Cu de 4AWG de Almacen a Punto de Intalaciòn en Terreno sin Acceso Carrozable (< 1000 m)",km,0.04,0.12,0.07999999999999999,,,
RP,1.2300000000000002,"Transporte de Accesorios de Ferreteria (Para Postes , conductores, Retenidas y PAT) de Almacen a Punto de Instalaciòn con Acceso Carrozable",Global,1,1,,,,
RP,1.2400000000000002,"Transporte de Accesorios de Ferreteria (Para Postes , conductores, Retenidas y PAT) de Almacen a Punto de Instalaciòn sin Acceso Carrozable (< 1000 m)",Global,1,1,,,,
RP,1.2500000000000002,"Transporte de Transformador Monofásico Fase - Neutro de 5 kVA; 13,2 / 0,46-0,23 kV y Tablero de Distribucion, de Almacen a Punto de Instalaciòn en Terreno con Acceso Carrozable",u,11,3,,,8,3
RP,1.2600000000000002,"Transporte de Transformador Monofásico Fase - Neutro de 5 kVA; 13,2 / 0,46-0,23 kV y Tablero de Distribucion, de Almacen a Punto de Instalaciòn en Terreno sin Acceso Carrozable (< 1000 m)",u,2,5,3,,,
RP,1.2700000000000002,"Transporte de Transformador Monofásico Fase - Fase de 5 kVA; 13,8 / 0,46-0,23 kV y Tablero de Distribucion, de Almacen a Punto de Instalaciòn en Terreno con Acceso Carrozable",u,3,3,,,,
RP,1.2800000000000002,"Transporte de Transformador Monofásico Fase - Fase de 10 kVA; 13,8 / 0,46-0,23 kV y Tablero de Distribucion, de Almacen a Punto de Instalaciòn en Terreno con Acceso Carrozable",u,2,1,,,1,
RP,1.2900000000000003,"Transporte de Ménsula de C.A.V y Cruceta Asimétrica de C.A.V, de Almacen a Punto de Instalaciòn en Terreno con Acceso Carrozable",u,45,65,20,,,
RP,1.3000000000000003,"Transporte de Plataforma de Concreto Soporte de Transformador, de Almacen a Punto de Instalaciòn en Terreno con Acceso Carrozable",u,5,5,,,,
RP,1.3100000000000003,"Transporte de Poste de PRFV de 12 m/200 daN de Almacen a Punto de Izaje, en Terreno sin Acceso Carrozable (< 1000 m)",u,,0,,,,
RP,1.3200000000000003,"Transporte de Poste de PRFV de 12 m/300 daN de Almacen a Punto de Izaje, en Terreno sin Acceso Carrozable (< 1000 m)",u,,5,,5,,
RP,1.3300000000000003,"Transporte de Cruceta de madera tratada de 90 mm x 115 mm x 2,00 m, de Almacen a Punto de Instalaciòn en Terreno con Acceso Carrozable",u,,2,,2,,
RP,1.34,"Transporte de Cruceta de madera tratada de 90 mm x 115 mm x 2,40 m, de Almacen a Punto de Instalaciòn en Terreno con Acceso Carrozable",u,,3,,3,,
RP,1.35,"Transporte de Aislador Polimerico con Conexión Horquilla (Estructura) y Lengüeta (Linea), de 36 Kv y según Especificacion Técnica. de Almacen a Punto de Intalaciòn en Terreno sin Acceso Carrozable",u,,1,,1,,
RP,1.36,"Transporte de Transformador Monofásico Fase - Fase de 37.5 kVA; 13,8 / 0,46-0,23 kV y Tablero de Distribucion, de Almacen a Punto de Instalaciòn en Terreno con Acceso Carrozable",u,,3,,3,,
RP,2,"INSTALACION DE POSTES",,,,,,,
RP,2.01,"Excavación en Terreno Tipo I (Arcilloso y Conglomerado)",m3,29.790000000000006,42.962999999999994,13.172999999999988,,,
RP,2.0199999999999996,"Excavación en Terreno Tipo II (Rocoso)",m3,7.14,2.036,,,5.103999999999999,5.103999999999999
RP,2.0299999999999994,"Izaje, Identificación y/o codificación, y Señalización de Poste de 12 m/200 daN (*)",u,3,1,,,2,2
RP,2.039999999999999,"Izaje, Identificación y/o codificación, y Señalización de Poste de 12 m/300 daN (*)",u,11,13,2,,,
RP,2.049999999999999,"Izaje, Identificación y/o codificación, y Señalización de Poste de 13 m/300 daN (*)",u,10,11,1,,,
RP,2.0599999999999987,"Izaje, Identificación y/o codificación, y Señalización de Poste de 13 m/400 daN (*)",u,10,14,4,,,
RP,2.0699999999999985,"Izaje, Identificación y/o codificación, y Señalización de Poste de madera importada de 12 m, Clase 5 (*)",u,2,0,,,2,2
RP,2.0799999999999983,"Relleno y Compactación para cimentación de Poste 12m, en Terreno Tipo I (Arcilloso y Conglomerado)",m3,12.320000000000004,17.194999999999997,4.874999999999993,,,
RP,2.089999999999998,"Cimentación con Concreto Ciclópeo de Poste de 13m en Terreno Tipo I (Arcilloso y Conglomerado)",u,13,25,12,,,
RP,2.099999999999998,"Cimentación con concreto ciclópeo de Poste de 13m en Terreno Tipo II (Rocoso)",u,7,0,,,7,7
RP,2.1099999999999977,"Solado para poste de concreto (e=0.10 m. C:H, 1:8)",u,20,25,5,,,
RP,2.12,"Izaje, Identificación y/o codificación, y Señalización de Poste de PRFV de 12 m/200 daN (*)",u,,0,,,,
RP,2.13,"Izaje, Identificación y/o codificación, y Señalización de Poste de PRFV de 12 m/300 daN (*)",u,,5,,5,,
RP,3,"INSTALACION DE RETENIDAS",,,,,,,
RP,3.01,"Excavación en Terreno Tipo I (Arcilloso y Conglomerado)",m3,7.840000000000001,14.534000000000002,6.694000000000002,,,
RP,3.0199999999999996,"Excavación en Terreno Tipo II (Rocoso)",m3,2.24,1.118,,,1.122,1.122
RP,3.0299999999999994,"Instalación de Retenida Inclinada",u,4,6,2,,,
RP,3.039999999999999,"Instalación de Retenida Inclinada en Y",u,5,8,3,,,
RP,3.049999999999999,"Relleno y Compactación en Terreno Tipo I de Retenida",m3,7.700000000000001,14.222000000000003,6.522000000000002,,,
RP,3.0599999999999987,"Relleno y Compactación en Terreno Tipo II de Retenida",m3,2.2,1.094,,,1.106,1.106
RP,4,"MONTAJE DE ARMADOS",,,,,,,
RP,4.01,"Armado PS1-0 (0°-5°) Monofasico retorno por tierra",Jgo.,13,7,,,6,6
RP,4.02,"Armado TS-0 Soporte de Retención, monofásico, retorno por tierra",Jgo.,3,4,1,,,
RP,4.029999999999999,"Armado DT-0 Soporte derivación tensada monofásico retorno por tierra",Jgo.,1,0,,,1,1
RP,4.039999999999999,"Armado DS-0 Soporte derivación no tensada monofásico sin neutro",Jgo.,6,8,2,,,
RP,4.049999999999999,"Armado DS-2V Soporte derivación monofásico",Jgo.,5,0,,,5,5
RP,4.059999999999999,"Armado TSVE-2 Sopte. Retención, susp. vertical, bifasico",Jgo.,6,8,2,,,
RP,4.0699999999999985,"Armado PA1VE-2 Soporte de ángulo vertical 10° a 30° bifásico sin neutro",Jgo.,1,0,,,1,1
RP,4.079999999999998,"Armado PSVE-2 Soporte de suspensión vertical 0° a 10° bifásico sin neutro",Jgo.,13,17,4,,,
RP,4.089999999999998,"Armado SMM-2P S.E. 1ø, Monoposte en alineamiento, con pararrayos.",Jgo.,13,6,,,7,7
RP,4.099999999999998,"Armado SBM-2V S.E. 2ø, Monoposte en alineamiento, con pararrayos.",Jgo.,5,5,,,,
RP,4.109999999999998,"Armado DS-0A Soporte derivación no tensada monofásico sin neutro",Jgo.,,2,,2,,
RP,4.119999999999997,"Armado PA1-0 (5° -30°) soporte de ángulo monofásico, retorno por tierra",Jgo.,,3,,3,,
RP,4.129999999999997,"Armado PTV-0 Soporte terminal monofásico, retorno por tierra",Jgo.,,2,,2,,
RP,4.139999999999997,"Armado SMM-1P S.E. 1ø, Monoposte en fin de linea, con pararrayos.",Jgo.,,2,,2,,
RP,4.149999999999997,"Armado DS-2 Soporte derivación no tensada bifásico sin neutro",Jgo.,,4,,4,,
RP,4.159999999999997,"Armado PS1-2 Soporte de Alineamiento 0° a 5° bifásico sin neutro",Jgo.,,3,,3,,
RP,4.169999999999996,"Armado SBM-2P S.E. 2ø, Monoposte en alineamiento, con pararrayos.",Jgo.,,2,,2,,
RP,5,"MONTAJE DE CONDUCTORES",,,,,,,
RP,5.01,"Tendido y Puesta en Flecha de Conductor de Aleación de aluminio de 35 mm², Por Fase, Incluye Instalación de Amortiguadores.",km,3.51,3.9891797999999996,0.4791797999999998,,,
RP,6,"INSTALACION DE PUESTA A TIERRA",,,,,,,
RP,6.01,"Excavación en Terreno Tipo I (Arcilloso y Conglomerado)",m3,101.09000000000005,71.246,,,29.84400000000005,
RP,6.02,"Excavación en Terreno Tipo II (Rocoso)",m3,14.31,5.089,,,9.221,
RP,6.029999999999999,"Instalacion de Puesta a Tierra Tipo PAT-1C (Contrapeso). Instalación en Poste de Concreto Armado",u,18,29,11,,,
RP,6.039999999999999,"Instalación de Puesta a Tierra Tipo PAT-2 con dos Electrodos Verticales. Instalación en Poste de Concreto Armado Centrifugado (Incluye instalación de dos Cajas de Registro)",u,5,0,,,5,4
RP,6.049999999999999,"Instalación de Puesta a Tierra Tipo PAT-3 con tres Electrodos Verticales. Instalación en Poste de Concreto Armado Centrifugado (Incluye instalación de tres Cajas de Registro).",u,11,15,4,,,
RP,6.059999999999999,"Instalación de Puesta a Tierra Tipo PAT-3 con tres Electrodos Verticales. Instalación en Poste de Madera (Incluye instalación de tres Cajas de Registro)",u,2,0,,,2,
RP,6.0699999999999985,"Relleno y Compactación de Puesta a Tierra con material adecuado",m3,113.37000000000003,72.37500000000001,,,40.99500000000002,
RP,7,"PRUEBAS Y PUESTA EN SERVICIO",,,,,,,
RP,7.01,"Pruebas y Puesta en Servicio de Redes Primarias",Loc.,18,15,,,3,
RP,7.02,"Expediente Técnico Final Conforme a Obra y de Concesión Rural de Redes Primarias (1 Original + 3 Copias), incluye la presentacion digitalizada de textos y planos en CD.",Loc.,18,15,,,3,
RP,,"TOTAL MONTAJE ELECTROMECANICO",,,,,,,
RP,C,"TRANSPORTE DE MATERIALES",,,,,,,
RP,1,"CRUCETAS DE MADERA DE PROCEDENCIA NACIONAL",,,,,,,
RP,1.01,"Cruceta de madera tratada de 90 mm x 115 mm x 1,20 m",u,13,10,,,3,3
RP,1.02,"Listón de madera tratada 50 x 19 mm sección, 2,7 m longitud (incluye clavos de fijación)",u,2,0,,,2,
RP,1.03,"Cruceta de madera tratada de 90 mm x 115 mm x 2,00 m",u,,2,,2,,
RP,1.04,"Cruceta de madera tratada de 90 mm x 115 mm x 2,40 m",u,,3,,3,,
RP,,"6",,,,,,,
RP,2,"POSTES DE CONCRETO ARMADO CENTRIFUGADO",,,,,,,
RP,2.01,"Poste de C.A.C. de 12 m/200 daN (Incluye perilla)",u,3,1,,,2,2
RP,2.0199999999999996,"Poste de C.A.C. de 12 m/300 daN (Incluye perilla)",u,11,13,2,,,
RP,2.0299999999999994,"Poste de C.A.C. de 13 m/300 daN (Incluye perilla)",u,10,11,1,,,
RP,2.039999999999999,"Poste de C.A.C. de 13 m/400 daN (Incluye perilla)",u,10,14,4,,,
RP,,"9",,,,,,,
RP,3,"POSTES DE MADERA IMPORTADA",,,,,,,
RP,3.01,"Poste de madera importada (Pino Amarillo del Sur) de 12 m, Clase 5",u,2,0,,,2,2
RP,3.00A,"POSTES DE FIBRA DE VIDRIO",,,,,,,
RP,3.01A,"Poste de PRFV de 12 m/200 daN",,,0,,,,
RP,3.02A,"Poste de PRFV de 12 m/300 daN",,,5,,5,,
RP,4,"OTROS MATERIALES DE CONCRETO ARMADO",,,,,,,
RP,4.01,"Cruceta Asimétrica de C.A.V. Za / 1,5 / 0,9 / 250 / 200 / 100 daN (Za / L / L1/ T / F / V)",u,5,5,,,,
RP,4.02,"Ménsula de C.A.V. M / 1,2 / 250 / 150 / 150 daN (M / L / T / F / V)",u,40,60,20,,,
RP,4.029999999999999,"Plataforma de Concreto Soporte de Transformador de 2,20 m, carga de trabajo de 500 daN",u,5,5,,,,
RP,5,"AISLADORES Y ACCESORIOS",,,,,,,
RP,5.01,"Grapa de Suspensión Angular para Conductor de Aleacion de Aluminio de 25 mm2",u,16,25,9,,,
RP,5.02,"Grapa de Anclaje Cónica para Conductor de Aleación de Aluminio de 25 mm2",u,16,17,1,,,
RP,5.029999999999999,"Conector Bimetálico para Al 25 mm2 / Cu 4-10 mm2, para Neutro Desnudo, tipo Cuña",u,40,50,10,,,
RP,,"- Aislador Polimérico de 36 kV, Tipo Line Post con Espárrago de 19 mm Ø, 200 mm longitud (Alternativa a Conjunto Aislador-Espiga en Cruceta)",,,,,,,
RP,5.04,"Espiga para cruceta, forjada de 381mm LONG. Para aislador Tipo Pin, Clase ANSI 56-3",u,,8,,8,,
RP,6,"AISLADORES DE SUSPENSIÓN Y ACCESORIOS",,,,,,,
RP,6.01,"Grillete Recto",u,16,23,7,,,
RP,6.02,"Aislador Polimerico con Conexión Horquilla (Estructura) y Lengüeta (Linea) de 36 kV, según Especificacion Técnica.",u,16,23,7,,,
RP,7,"CONDUCTOR DE ALEACIÓN DE ALUMINIO",,,,,,,
RP,7.01,"Conductor de Aleacion de Aluminio de 35 mm²",km,3.51,3.9891797999999996,0.4791797999999998,,,
RP,8,"ACCESORIOS PARA CONDUCTOR DE ALEACION ALUMINIO",,,,,,,
RP,8.01,"Varilla de Armar preformada Simple para Conductor de 35 mm²",u,41,47,6,,,
RP,8.02,"Grapa de Doble Via de Aluminio para Conductor de 35 mm²",u,41,40,,,1,
RP,8.03,"Alambre de Amarre Aluminio Recocido de 16 mm²",m,170,227.5,57.5,,,
RP,8.04,"Grapa de Anclaje para Conductor de 35 mm²",u,16,22,6,,,
RP,8.049999999999999,"Varilla de Armar preformada Doble para Conductor de 35 mm²",u,,3,,3,,
RP,8.059999999999999,"Cinta plana de armar de aluminio",m,,13.799999999999999,,13.799999999999999,,
RP,9,"CONDUCTOR DE COBRE",,,,,,,
RP,9.01,"Cable de Acero con Recubrimiento Metalúrgico de Cu de 4 AWG (21,15 mm²), para Puesta a Tierra",m,717.5,431.5,,,286,
RP,10,"MATERIAL DE FERRETERIA PARA POSTES Y CRUCETAS",,,,,,,
RP,10.01,"Perno Cabeza Coche de AºGº de 13 mm Ø x 152 mm longitud, 76 mm maquinado, con Arandela, Tuerca y Contratuerca",u,13,20,7,,,
RP,10.02,"Perno de A°G° de 13 mm Ø x 305 mm, provisto de Tuerca y Contratuerca",u,13,15,2,,,
RP,10.03,"Perno de A°G° de 16 mm Ø x 254 mm, provisto de Tuerca y Contratuerca",u,32,25,,,7,6
RP,10.04,"Perno de A°G° de 16 mm Ø x 305 mm, provisto de Tuerca y Contratuerca",u,26,30,4,,,
RP,10.049999999999999,"Perno de A°G° de 16 mm Ø x 356 mm, provisto de Tuerca y Contratuerca",u,13,15,2,,,
RP,10.059999999999999,"Perno Ojo de A°G° de 16 mm Ø x 254 mm, provisto de Tuerca y Contratuerca",u,16,7,,,9,
RP,10.069999999999999,"Perno Doble Armado de A°G° de 16 mm Ø x 508 mm, provisto de 4 Tuercas y 4 Contratuercas",u,50,60,10,,,
RP,10.079999999999998,"Tirafondo de A°G° de 13 mm ø x 102 mm de longitud",u,2,0,,,2,2
RP,10.089999999999998,"Brazo-Soporte (Riostra) de Perfil Angular de A°G° de 38 x 38 x 5 mm y 710 mm longitud",u,13,20,7,,,
RP,10.099999999999998,"Arandela Cuadrada Plana de A° G°, 57 x 57 x 5 mm, Agujero de 18 mm Ø",u,107,149,42,,,
RP,10.109999999999998,"Arandela Cuadrada Curva de A° G°, 57 x 57 x 5 mm, Agujero de 18 mm Ø",u,211,212,1,,,
RP,10.119999999999997,"Plantillas para Identificación y/o codificación de Postes (Peligro, Identificación y/o codificación y Fases)",Jgo.,34,17,,,17,
RP,10.129999999999997,"Placa de Señal de Peligro y accesorios de fijación",u,2,0,,,2,
RP,10.139999999999997,"Placa de Identificación y/o codificación de Estructura y accesorios de fijación",u,2,0,,,2,
RP,10.149999999999997,"Placa de Secuencia de Fases y accesorios de fijación",u,2,0,,,2,
RP,10.159999999999997,"Perno de A°G° de 16 mm Ø x 457 mm, provisto de tuerca y contratuerca",u,,6,,6,,
RP,10.169999999999996,"Soporte separador de vértice de poste de A°G° fabricado con platina de 76 x 6,4 mm",u,,6,,6,,
RP,10.179999999999996,"Tubo espaciador de A°G° de 19 mm x 38 mm Ø",u,,6,,6,,
RP,11,"RETENIDAS Y ANCLAJES",,,,,,,
RP,11.01,"Cable de Acero Grado Siemens Martin, de 10 mm Ø, 7 hilos",u,154,0,,,154,
RP,11.02,"Varilla de Anclaje de A°G° de 16 mm Ø x 2,40 m, provisto de Ojal Guardacabo en un extremo; Tuerca y Contratuerca en el otro",u,9,14,5,,,
RP,11.03,"Mordaza Preformada de A°G° para Cable de 10 mm Ø",u,38,72,34,,,
RP,11.04,"Alambre de Acero N° 14 para Entorchado",u,36,21,,,15,
RP,11.049999999999999,"Arandela de Anclaje de A°G°, 102 x 102 x 6,35 mm, Agujero de 18 mmø",u,9,14,5,,,
RP,11.059999999999999,"Grillete de Acero de 70 kN",u,16,14,,,2,
RP,11.069999999999999,"Enlace metálico, de 254 mm x 75 mm x 38 mm, de 70 kN de resistencia",m,9,14,5,,,
RP,11.079999999999998,"Aislador Polimerico con Conexión Horquilla (Estructura) y Lengüeta (Linea) de 36 kV, según Especificacion Técnica, para Retenida Aislada.",u,9,14,5,,,
RP,11.089999999999998,"Bloque de Concreto de 0,40 x 0,40 x 0,15 m",u,9,14,5,,,
RP,11.099999999999998,"Tuerca-Ojo para Perno de 16 mm Ø",u,5,8,3,,,
RP,11.109999999999998,"Abrazadera de 4 sectores para Retenida, de 75 mm de altura, 6,35 mm de espesor y 70 kN de resistencia. Diámetro según dimensiones del poste, incluye 4 pernos de 12,7 mm Ø x 63,5 mm y 4 arandelas",u,9,14,5,,,
RP,11.12,"Cable de acero grado Alta Resistencia (HS), de 10 mm ø, 7 hilos",u,,212,,212,,
RP,12,"MATERIAL PARA PUESTA A TIERRA",,,,,,,
RP,12.01,"Electrodo de Acero Recubierto de Cobre de 16 mm Ø x 2,40 m",u,49,45,,,4,
RP,12.02,"Caja Registro de Concreto para Puesta a Tierra 0,50 x 0,50 x 0,45 m",u,49,45,,,4,
RP,12.03,"Plancha Doblada de Cobre para toma a Tierra de Espigas y/o Pernos",u,72,117,45,,,
RP,12.04,"Conector de Bronce para Electrodo de 16 mm ø y Cable de Acero con Recubrimiento Metalúrgico de Cobre de 4 AWG (21,15 mm2)",u,49,45,,,4,
RP,12.049999999999999,"Conector de Cobre tipo Perno Partido para Cable de Acero con Recubrimiento Metalúrgico de Cobre de 4 AWG (21,15 mm2)",u,150,101,,,49,
RP,12.059999999999999,"Grapa en 'U' para fijar conductor de PAT a Madera",u,140,40,,,100,
RP,12.069999999999999,"Tubo Plastico de PVC SAP de 19 mm ø x 0,5 m ( incluye curva de plastico de 19 mm ø x 90º)",u,34,59,25,,,
RP,12.079999999999998,"Placa de Señalización de Poste (Puesta a Tierra)",u,2,0,,,2,
RP,12.089999999999998,"Plantilla para Señalización de Poste (Puesta a Tierra)",u,34,15,,,19,
RP,12.1,"Bentonita sódica saco de 30 kg",u,,135,,135,,
RP,13,"EQUIPO DE PROTECCION Y MANIOBRA",,,,,,,
RP,13.01,"Seccionador Fusible Unipolar Tipo Expulsion (Cut-Out) de 27/38 kV, 100A, 150 kV-BIL.",u,23,22,,,1,
RP,13.02,"Fusible Tipo Expulsion de 2 A, Tipo K",u,23,22,,,1,
RP,13.03,"Pararrayos de Oxido Metalico, 21 kV, 10 KA Clase 1",u,23,12,,,11,10
RP,13.04,"Pararrayos de Oxido Metalico, 12 kV, 10 KA Clase 1",u,,10,,10,,
RP,14,"TRANSFORMADORES DE DISTRIBUCION",,,,,,,
RP,14.01,"Transformador Monofásico Fase - Neutro de 5 kVA; 13,2 / 0,46-0,23 kV",u,13,8,,,5,2
RP,14.02,"Transformador Monofásico Fase - Fase de 5 kVA; 13,8 / 0,46-0,23 kV",u,3,1,,,2,2
RP,14.03,"Transformador Monofásico Fase - Fase de 10 kVA; 13,8 / 0,46-0,23 kV",u,2,1,,,1,1
RP,14.04,"Transformador Monofásico Fase - Fase de 5 kVA; 22,9 / 0,46-0,23 kV",u,,2,,2,,
RP,14.049999999999999,"Transformador Monofásico Fase - Fase de 37.5 kVA; 13,8 / 0,46-0,23 kV",u,,3,,3,,
RP,15,"TABLEROS DE DISTRIBUCIÓN",,,,,,,
RP,15.01,"Tableros de Distribución Completa para S.E. Monofásica de 5 kVA; 440-220V",u,16,11,,,5,2
RP,15.02,"Tableros de Distribución Completa para S.E. Monofásica de 10 kVA; 440-220V",u,2,1,,,1,1
RP,15.03,"Tableros de Distribución Completa para S.E. Monofásica de 25 kVA; 440-220V",u,,0,,,,
RP,16.03,"Tableros de Distribución Completa para S.E. Monofásica de 37.5 kVA; 440-220V",u,,3,,3,,
RP,16,"CABLES DE ENERGÍA DE BAJA TENSIÓN",,,,,,,
RP,16.01,"Cable NYY, 1 kV, 1 x 16 mm²",m,90,60,,,30,
RP,16.020000000000003,"Cable NYY, 1 kV, 1 x 25 mm²",m,180,128,,,52,36
RP,16.03,"Cable NYY, 1 kV, 1 x 35 mm²",m,,36,,36,,
RP,,"TOTAL TRANSPORTE DE MATERIALES",,,,,,,
RS,,"A",,,,,,,
RS,,"3",,,,,,,
RS,,"4",,,0,,,0,0
RS,,"5",,,0,,,,
RS,,"6",SUB-TOTAL 1:,,0,,,,
RS,,"7",,,,,,,
RS,,"8",,,0,,,0,0
RS,,"9",SUB-TOTAL 2:,,0,,,,
RS,,"10",,,,,,,
RS,,"11",,830.68,0,,0,11629.52,
RS,,"12",,921.2213333333333,0,,0,14739.54,
RS,,"13",SUB-TOTAL 2.00A:,,0,,,26369.06,
RS,,"14",,,,,,,
RS,,"15",,,0,,,0,0
RS,,"16",,,0,,,0,0
RS,,"17",,,0,,,0,0
RS,,"18",,,0,,,0,0
RS,,"19",,,0,,,0,0
RS,,"3.0599999999999987",,8623.15,0,,0,3794.19,
RS,,"3.0699999999999985",,7908.7,0,,0,34086.5,
RS,,"3.0799999999999983",,6504.86,0,,0,34150.52,
RS,,"4",,,,,,,
RS,,"4.01",,,0,,,,
RS,,"4.02",,,0,,,,
RS,,"4.029999999999999",,,0,,,0,0
RS,,"4.039999999999999",,,0,,,,
RS,,"4.049999999999999",,,0,,,0,0
RS,,"4.059999999999999",,,0,,,,
RS,,"4.0699999999999985",,,0,,,,
RS,,"4.079999999999998",,,0,,,,
RS,,"4.089999999999998",,,0,,,,
RS,,"4.099999999999998",,25.34,0,,0,228.06,
RS,,"4.109999999999998",,1,0,,0,9,
RS,,"4.119999999999997",,17.76,0,,0,159.84,
RS,,"5",,,,,,,
RS,,"5.01",,,0,,,,
RS,,"5.02",,,0,,,,
RS,,"5.029999999999999",,,0,,,,
RS,,"5.039999999999999",,,0,,,0,
RS,,"6",,,,,,,
RS,,"6.01",,,0,,,0,0
RS,,"6.02",,,0,,,,
RS,,"6.029999999999999",,,0,,,0,0
RS,,"6.039999999999999",,,0,,,0,0
RS,,"6.049999999999999",,,0,,,,
RS,,"6.059999999999999",,,0,,,,
RS,,"6.0699999999999985",,,0,,,0,0
RS,,"6.079999999999998",,386.46,0,,0,30916.8,
RS,,"7",,,,,,,
RS,,"7.01",,,0,,,0,
RS,,"7.02",,,0,,,,
RS,,"7.029999999999999",,,0,,,,
RS,,"7.039999999999999",,,0,,,,
RS,,"7.049999999999999",,,0,,,,
RS,,"7.059999999999999",,,0,,,,
RS,,"7.0699999999999985",,,0,,,,
RS,,"7.079999999999998",,,0,,,,
RS,,"7.089999999999998",,,0,,,,
RS,,"7.099999999999998",,,0,,,,
RS,,"7.109999999999998",,,0,,,,
RS,,"7.119999999999997",,,0,,,,
RS,,"7.129999999999997",,0,0,,0,,
RS,,"7.139999999999997",,,0,,,,
RS,,"8",,,,,,,
RS,,"8.01",,,0,,,,
RS,,"8.02",,,0,,,,
RS,,"8.03",,,0,,,0,
RS,,"8.04",,,0,,,0,
RS,,"8.049999999999999",,,0,,,,
RS,,"8.059999999999999",,,0,,,,
RS,,"8.069999999999999",,,0,,,,
RS,,"8.079999999999998",,,0,,,,
RS,,"8.089999999999998",,,0,,,0,0
RS,,"8.099999999999998",,,0,,,,
RS,,"8.109999999999998",,,0,,,,
RS,,"8.119999999999997",,,0,,,0,
RS,,"8.129999999999997",,,0,,,0,0
RS,,"8.139999999999997",,,0,,,,
RS,,"8.149999999999997",,262.98,0,,0,788.94,
RS,,"8.159999999999997",,0,0,,0,,
RS,,"9",,,,,,,
RS,,"9.01",,,0,,,,
RS,,"9.02",,,0,,,0,
RS,,"9.03",,,0,,,,
RS,,"9.04",,,0,,,0,
RS,,"9.049999999999999",,,0,,,0,
RS,,"9.059999999999999",,,0,,,0,
RS,,"9.069999999999999",,,0,,,,
RS,,"9.079999999999998",,30,0,,0,6840,
RS,,"10",,,,,,,
RS,,"10.01",,,0,,,,
RS,,"10.02",,,0,,,,
RS,,"10.03",,,0,,,0,0
RS,,"10.04",,,0,,,,
RS,,"10.049999999999999",,,0,,,,
RS,,"10.059999999999999",,,0,,,0,
RS,,"10.069999999999999",,,0,,,,
RS,,"10.079999999999998",,,0,,,0,0
RS,,"10.089999999999998",,,0,,,,
RS,,"10.099999999999998",,,0,,,,
RS,,"10.109999999999998",,,0,,,,
RS,,"10.119999999999997",,,0,,,,
RS,,"10.129999999999997",,,0,,,,
RS,,"B",,,,,,,
RS,,"1",,,,,,,
RS,,"1.01",,,0,,,0,0
RS,,"1.02",,,0,,,,
RS,,"1.03",,,0,,,0,0
RS,,"1.04",,,0,,,0,0
RS,,"1.05",,,0,,,,
RS,,"1.06",,,0,,,,
RS,,"1.07",,,0,,,,
RS,,"1.08",,,0,,,0,0
RS,,"1.09",,,0,,,0,0
RS,,"1.1",,,0,,,0,0
RS,,"1.11",,,0,,,0,0
RS,,"1.12",,,0,,,0,0
RS,,"1.1300000000000001",,,0,,,0,0
RS,,"1.1400000000000001",,,0,,,0,
RS,,"1.1500000000000001",,,0,,,,
RS,,"1.1600000000000001",,95.2335,0,,0,1333.27,
RS,,"1.1700000000000002",,105.815,0,,0,1693.04,
RS,,"1.1800000000000002",,0,0,,0,,
RS,,"1.1900000000000002",,0,0,,0,,
RS,,"1.2000000000000002",,0,0,,0,,
RS,,"1.2100000000000002",,0,0,,0,,
RS,,"1.2200000000000002",,0,0,,0,,
RS,,"1.2300000000000002",,0,0,,0,,
RS,,"1.2400000000000002",,0,0,,0,,
RS,,"1.2500000000000002",,0,0,,0,,
RS,,"1.2600000000000002",,0,0,,0,,
RS,,"2",,,,,,,
RS,,"2.01",,,0,,,0,0
RS,,"2.0199999999999996",,,0,,,,
RS,,"2.0299999999999994",,,0,,,0,0
RS,,"2.039999999999999",,,0,,,,
RS,,"2.049999999999999",,,0,,,0,0
RS,,"2.0599999999999987",,,0,,,0,0
RS,,"2.0699999999999985",,,0,,,0,0
RS,,"2.0799999999999983",,,0,,,,
RS,,"2.089999999999998",,0,0,,0,,
RS,,"2.099999999999998",,0,0,,0,,
RS,,"3",,,,,,,
RS,,"3.01",,,0,,,,
RS,,"3.0199999999999996",,,0,,,0,0
RS,,"3.0299999999999994",,,0,,,0,0
RS,,"3.039999999999999",,,0,,,,
RS,,"3.049999999999999",,,0,,,,
RS,,"3.0599999999999987",,,0,,,0,0
RS,,"4",,,,,,,
RS,,"4.01",,,0,,,,
RS,,"4.02",,,0,,,,
RS,,"4.029999999999999",,,0,,,,
RS,,"4.039999999999999",,,0,,,,
RS,,"4.049999999999999",,,0,,,,
RS,,"4.059999999999999",,,0,,,0,0
RS,,"4.0699999999999985",,,0,,,0,0
RS,,"4.079999999999998",,0,0,,0,,
RS,,"4.089999999999998",,0,0,,0,,
RS,,"4.099999999999998",,0,0,,0,,
RS,,"4.109999999999998",,0,0,,0,,
RS,,"4.119999999999997",,,0,,,,
RS,,"4.129999999999997",,0,0,,0,,
RS,,"4.139999999999997",,0,0,,0,,
RS,,"4.149999999999997",,0,0,,0,,
RS,,"4.159999999999997",,0,0,,0,,
RS,,"5",,,,,,,
RS,,"5.01",,,0,,,0,0
RS,,"5.02",,,0,,,0,0
RS,,"5.029999999999999",,,0,,,0,0
RS,,"5.039999999999999",,,0,,,0,0
RS,,"5.049999999999999",,,0,,,0,0
RS,,"5.059999999999999",,0,0,,0,,
RS,,"5.0699999999999985",,0,,,0,,
RS,,"5.079999999999998",,0,0,,0,,
RS,,"6",,,,,,,
RS,,"6.01",,,0,,,,
RS,,"6.02",,,0,,,0,0
RS,,"6.029999999999999",,,0,,,,
RS,,"6.039999999999999",,,0,,,0,0
RS,,"6.049999999999999",,,0,,,,
RS,,"7",,,,,,,
RS,,"7.01",,,0,,,,
RS,,"7.02",,,0,,,,
RS,,"8",,,,,,,
RS,,"8.01",,,0,,,,
RS,,"8.02",,,0,,,,
RS,,"8.03",,,0,,,,
RS,,"8.04",,,0,,,0,0
RS,,"8.049999999999999",,,0,,,,
RS,,"8.059999999999999",,,0,,,,
RS,,"8.069999999999999",,,0,,,,
RS,,"9",,,,,,,
RS,,"9.01",,,0,,,,
RS,,"9.02",,,0,,,,
RS,,"9.03",,,0,,,,
RS,,"9.04",,,0,,,,
RS,,"9.049999999999999",,,0,,,,
RS,,"9.059999999999999",,,0,,,,
RS,,"9.069999999999999",,,0,,,,
RS,,"10",,,,,,,
RS,,"10.01",,,0,,,0,
RS,,"10.02",,,0,,,0,
RS,,"C",,,,,,,
RS,,"3",,,,,,,
RS,,"4",,,0,,,0,0
RS,,"5",,,0,,,,
RS,,"6",SUB-TOTAL 1:,,0,,,,
RS,,"7",,,,,,,
RS,,"8",,,0,,,0,0
RS,,"9",SUB-TOTAL 2:,,0,,,,
RS,,"10",,,,,,,
RS,,"11",,0,0,,0,,
RS,,"12",,0,0,,0,,
RS,,"13",SUB-TOTAL 2.00A:,,0,,,,
RS,,"14",,,,,,,
RS,,"15",,,0,,,0,0
RS,,"16",,,0,,,0,0
RS,,"17",,,0,,,0,0
RS,,"18",,,0,,,0,0
RS,,"19",,,0,,,0,0
RS,,"3.0599999999999987",,0,0,,0,,
RS,,"3.0699999999999985",,0,0,,0,,
RS,,"3.0799999999999983",,0,0,,0,,
RS,,"4",,,,,,,
RS,,"4.01",,,0,,,,
RS,,"4.02",,,0,,,,
RS,,"4.029999999999999",,,0,,,0,0
RS,,"4.039999999999999",,,0,,,,
RS,,"4.049999999999999",,,0,,,0,0
RS,,"4.059999999999999",,,0,,,,
RS,,"4.0699999999999985",,,0,,,,
RS,,"4.079999999999998",,,0,,,,
RS,,"4.089999999999998",,,0,,,,
RS,,"4.099999999999998",,0.88,0,,0,7.92,
RS,,"4.109999999999998",,0.025,0,,0,0.23,
RS,,"4.119999999999997",,1.69,0,,0,15.21,
RS,,"5",,,,,,,
RS,,"5.01",,,0,,,,
RS,,"5.02",,,0,,,,
RS,,"5.029999999999999",,,0,,,,
RS,,"5.039999999999999",,,0,,,0,
RS,,"6",,,,,,,
RS,,"6.01",,,0,,,0,0
RS,,"6.02",,,0,,,,
RS,,"6.029999999999999",,,0,,,0,0
RS,,"6.039999999999999",,,0,,,0,0
RS,,"6.049999999999999",,,0,,,,
RS,,"6.059999999999999",,,0,,,,
RS,,"6.0699999999999985",,,0,,,0,0
RS,,"6.079999999999998",,0,0,,0,,
RS,,"7",,,,,,,
RS,,"7.01",,,0,,,0,
RS,,"7.02",,,0,,,,
RS,,"7.029999999999999",,,0,,,,
RS,,"7.039999999999999",,,0,,,,
RS,,"7.049999999999999",,,0,,,,
RS,,"7.059999999999999",,,0,,,,
RS,,"7.0699999999999985",,,0,,,,
RS,,"7.079999999999998",,,0,,,,
RS,,"7.089999999999998",,,0,,,,
RS,,"7.099999999999998",,,0,,,,
RS,,"7.109999999999998",,,0,,,,
RS,,"7.119999999999997",,,0,,,,
RS,,"7.129999999999997",,0,0,,0,,
RS,,"7.139999999999997",,,0,,,,
RS,,"8",,,,,,,
RS,,"8.01",,,0,,,,
RS,,"8.02",,,0,,,,
RS,,"8.03",,,0,,,0,
RS,,"8.04",,,0,,,0,
RS,,"8.049999999999999",,,0,,,,
RS,,"8.059999999999999",,,0,,,,
RS,,"8.069999999999999",,,0,,,,
RS,,"8.079999999999998",,,0,,,,
RS,,"8.089999999999998",,,0,,,0,0
RS,,"8.099999999999998",,,0,,,,
RS,,"8.109999999999998",,,0,,,,
RS,,"8.119999999999997",,,0,,,0,
RS,,"8.129999999999997",,,0,,,0,0
RS,,"8.139999999999997",,,0,,,,
RS,,"8.149999999999997",,0,0,,0,,
RS,,"8.159999999999997",,0,0,,0,,
RS,,"9",,,,,,,
RS,,"9.01",,,0,,,,
RS,,"9.02",,,0,,,0,
RS,,"9.03",,,0,,,,
RS,,"9.04",,,0,,,0,
RS,,"9.049999999999999",,,0,,,0,
RS,,"9.059999999999999",,,0,,,0,
RS,,"9.069999999999999",,,0,,,,
RS,,"9.079999999999998",,10.58,0,,0,2412.24,
RS,,"10",,,,,,,
RS,,"10.01",,,0,,,,
RS,,"10.02",,,0,,,,
RS,,"10.03",,,0,,,0,0
RS,,"10.04",,,0,,,,
RS,,"10.049999999999999",,,0,,,,
RS,,"10.059999999999999",,,0,,,0,
RS,,"10.069999999999999",,,0,,,,
RS,,"10.079999999999998",,,0,,,0,0
RS,,"10.089999999999998",,,0,,,,
RS,,"10.099999999999998",,,0,,,,
RS,,"10.109999999999998",,,0,,,,
RS,,"10.119999999999997",,,0,,,,
RS,,"10.129999999999997",,,0,,,,
SFV,,"A",,,,,,,
SFV,,"3",,,,,,,
SFV,,"4",,,0,,,0,
SFV,,"5",,,0,,,0,
SFV,,"6",SUB-TOTAL 1:,,0,,,,
SFV,,"7",,,,,,,
SFV,,"4",,,0,,,0,
SFV,,"5",,,0,,,0,
SFV,,"5",,,0,,,0,
SFV,,"7",,,0,,,0,
SFV,,"8",,,0,,,0,
SFV,,"5",,,0,,,0,
SFV,,"6",,,0,,,0,
SFV,,"6",,,0,,,0,
SFV,,"8",,,0,,,0,
SFV,,"9",,,0,,,0,
SFV,,"6",,,0,,,0,
SFV,,"7",,488.13599999999997,0,,0,18061.03,
SFV,,"3",,,,,,,
SFV,,"3.01",,,0,,,0,
SFV,,"3.0199999999999996",,,0,,,0,
SFV,,"3.0299999999999994",,,0,,,0,
SFV,,"3.039999999999999",,,0,,,0,
SFV,,"3.049999999999999",,,0,,,0,
SFV,,"3.0599999999999987",,,0,,,0,
SFV,,"3.0699999999999985",,,0,,,0,
SFV,,"3.0799999999999983",,,0,,,0,
SFV,,"3.089999999999998",,,0,,,0,
SFV,,"3.099999999999998",,,0,,,0,
SFV,,"3.1099999999999977",,,0,,,0,
SFV,,"3.1199999999999974",,,0,,,0,
SFV,,"3.1299999999999972",,0,0,,0,,
SFV,,"3.139999999999997",,0,0,,0,,
SFV,,"4",,,,,,,
SFV,,"4.01",,,0,,,0,
SFV,,"4.02",,,0,,,0,
SFV,,"4.029999999999999",,,0,,,0,
SFV,,"4.039999999999999",,,0,,,0,
SFV,,"4.049999999999999",,,0,,,0,
SFV,,"4.059999999999999",,,0,,,0,
SFV,,"4.0699999999999985",,,0,,,0,
SFV,,"4.079999999999998",,,0,,,0,
SFV,,"4.089999999999998",,,0,,,0,
SFV,,"4.099999999999998",,0,0,,0,,
SFV,,"5",,,,,,,
SFV,,"5.01",,,0,,,0,
SFV,,"5.02",,,0,,,0,
SFV,,"5.029999999999999",,,0,,,0,
SFV,,"5.039999999999999",,,0,,,0,
SFV,,"5.049999999999999",,,0,,,0,
SFV,,"5.059999999999999",,,0,,,0,
SFV,,"5.0699999999999985",,,0,,,0,
SFV,,"5.079999999999998",,,0,,,0,
SFV,,"6",,,,,,,
SFV,,"6.01",,,0,,,0,
SFV,,"6.02",,,0,,,0,
SFV,,"6.029999999999999",,,0,,,0,
SFV,,"6.039999999999999",,,0,,,0,
SFV,,"6.049999999999999",,,0,,,0,
SFV,,"6.059999999999999",,,0,,,0,
SFV,,"6.0699999999999985",,,0,,,0,
SFV,,"6.079999999999998",,,0,,,0,
SFV,,"6.089999999999998",,,0,,,0,
SFV,,"6.099999999999998",,,0,,,0,
SFV,,"6.109999999999998",,,0,,,0,
SFV,,"6.119999999999997",,,0,,,0,
SFV,,"6.129999999999997",,,0,,,0,
SFV,,"6.139999999999997",,,0,,,0,
SFV,,"6.149999999999997",,,0,,,0,
SFV,,"6.159999999999997",,,0,,,0,
SFV,,"6.169999999999996",,,0,,,0,
SFV,,"7",,,,,,,
SFV,,"7.01",,,0,,,0,
SFV,,"7.02",,,0,,,0,
SFV,,"7.029999999999999",,,0,,,0,
SFV,,"7.039999999999999",,,0,,,0,
SFV,,"7.049999999999999",,,0,,,0,
SFV,,"8",,,,,,,
SFV,,"8.01",,,0,,,0,
SFV,,"8.02",,,0,,,0,
SFV,,"8.03",,,0,,,0,
SFV,,"8.04",,,0,,,0,
SFV,,"8.049999999999999",,,0,,,0,
SFV,,"8.059999999999999",,,0,,,0,
SFV,,"8.069999999999999",,,0,,,,
SFV,,"8.079999999999998",,,0,,,0,
SFV,,"8.089999999999998",,30,0,,0,4440,
SFV,,"8.099999999999998",,2.51,0,,0,92.87,
SFV,,"8.109999999999998",,7.35,0,,0,271.95,
SFV,,"9",,,,,,,
SFV,,"9.01",,,0,,,0,
SFV,,"9.02",,,0,,,0,
SFV,,"9.03",,,0,,,0,
SFV,,"9.04",,,0,,,0,
SFV,,"9.049999999999999",,,0,,,,
SFV,,"B",,,,,,,
SFV,,"1",,,,,,,
SFV,,"1.01",,,0,,,0,
SFV,,"1.02",,,0,,,,
SFV,,"1.03",,,0,,,0,
SFV,,"1.04",,,0,,,,
SFV,,"1.05",,,0,,,0,
SFV,,"1.06",,,0,,,,
SFV,,"1.07",,,0,,,0,
SFV,,"1.08",,,0,,,,
SFV,,"1.09",,,0,,,0,
SFV,,"1.1",,,0,,,,
SFV,,"1.11",,,0,,,0,
SFV,,"1.12",,,0,,,,
SFV,,"1.1300000000000001",,,0,,,0,
SFV,,"1.1400000000000001",,,0,,,,
SFV,,"2",,,,,,,
SFV,,"2.01",,,0,,,0,
SFV,,"2.0199999999999996",,,0,,,0,
SFV,,"2.0299999999999994",,,0,,,0,
SFV,,"2.039999999999999",,,0,,,0,
SFV,,"2.049999999999999",,,0,,,0,
SFV,,"2.0599999999999987",,,0,,,0,
SFV,,"2.0699999999999985",,,0,,,0,
SFV,,"3",,,,,,,
SFV,,"3.01",,,0,,,0,
SFV,,"3.0199999999999996",,,0,,,0,
SFV,,"4",,,,,,,
SFV,,"4.01",,,0,,,0,
SFV,,"4.02",,,0,,,0,
SFV,,"4.029999999999999",,,0,,,0,
SFV,,"5",,,,,,,
SFV,,"5.01",,,0,,,0,
SFV,,"5.02",,,0,,,0,
SFV,,"5.029999999999999",,,0,,,,
SFV,,"5.039999999999999",,,0,,,0,
SFV,,"5.049999999999999",,,0,,,0,
SFV,,"6",,,,,,,
SFV,,"6.01",,,0,,,0,
SFV,,"6.02",,,0,,,,
SFV,,"C",,,,,,,
SFV,,"3",,,,,,,
SFV,,"4",,,0,,,0,
SFV,,"5",,,0,,,0,
SFV,,"6",SUB-TOTAL 1:,,0,,,,
SFV,,"7",,,,,,,
SFV,,"4",,,0,,,0,
SFV,,"5",,,0,,,0,
SFV,,"5",,,0,,,0,
SFV,,"7",,,0,,,0,
SFV,,"8",,,0,,,0,
SFV,,"5",,,0,,,0,
SFV,,"6",,,0,,,0,
SFV,,"6",,,0,,,0,
SFV,,"8",,,0,,,0,
SFV,,"9",,,0,,,0,
SFV,,"6",,,0,,,0,
SFV,,"7",,0,0,,0,,
SFV,,"3",,,,,,,
SFV,,"3.01",,,0,,,0,
SFV,,"3.0199999999999996",,,0,,,0,
SFV,,"3.0299999999999994",,,0,,,0,
SFV,,"3.039999999999999",,,0,,,0,
SFV,,"3.049999999999999",,,0,,,0,
SFV,,"3.0599999999999987",,,0,,,0,
SFV,,"3.0699999999999985",,,0,,,0,
SFV,,"3.0799999999999983",,,0,,,0,
SFV,,"3.089999999999998",,,0,,,0,
SFV,,"3.099999999999998",,,0,,,0,
SFV,,"3.1099999999999977",,,0,,,0,
SFV,,"3.1199999999999974",,,0,,,0,
SFV,,"3.1299999999999972",,0,0,,0,,
SFV,,"3.139999999999997",,0,0,,0,,
SFV,,"4",,,,,,,
SFV,,"4.01",,,0,,,0,
SFV,,"4.02",,,0,,,0,
SFV,,"4.029999999999999",,,0,,,0,
SFV,,"4.039999999999999",,,0,,,0,
SFV,,"4.049999999999999",,,0,,,0,
SFV,,"4.059999999999999",,,0,,,0,
SFV,,"4.0699999999999985",,,0,,,0,
SFV,,"4.079999999999998",,,0,,,0,
SFV,,"4.089999999999998",,,0,,,0,
SFV,,"4.099999999999998",,0,0,,0,,
SFV,,"5",,,,,,,
SFV,,"5.01",,,0,,,0,
SFV,,"5.02",,,0,,,0,
SFV,,"5.029999999999999",,,0,,,0,
SFV,,"5.039999999999999",,,0,,,0,
SFV,,"5.049999999999999",,,0,,,0,
SFV,,"5.059999999999999",,,0,,,0,
SFV,,"5.0699999999999985",,,0,,,0,
SFV,,"5.079999999999998",,,0,,,0,
SFV,,"6",,,,,,,
SFV,,"6.01",,,0,,,0,
SFV,,"6.02",,,0,,,0,
SFV,,"6.029999999999999",,,0,,,0,
SFV,,"6.039999999999999",,,0,,,0,
SFV,,"6.049999999999999",,,0,,,0,
SFV,,"6.059999999999999",,,0,,,0,
SFV,,"6.0699999999999985",,,0,,,0,
SFV,,"6.079999999999998",,,0,,,0,
SFV,,"6.089999999999998",,,0,,,0,
SFV,,"6.099999999999998",,,0,,,0,
SFV,,"6.109999999999998",,,0,,,0,
SFV,,"6.119999999999997",,,0,,,0,
SFV,,"6.129999999999997",,,0,,,0,
SFV,,"6.139999999999997",,,0,,,0,
SFV,,"6.149999999999997",,,0,,,0,
SFV,,"6.159999999999997",,,0,,,0,
SFV,,"6.169999999999996",,,0,,,0,
SFV,,"7",,,,,,,
SFV,,"7.01",,,0,,,0,
SFV,,"7.02",,,0,,,0,
SFV,,"7.029999999999999",,,0,,,0,
SFV,,"7.039999999999999",,,0,,,0,
SFV,,"7.049999999999999",,,0,,,0,
SFV,,"8",,,,,,,
SFV,,"8.01",,,0,,,0,
SFV,,"8.02",,,0,,,0,
SFV,,"8.03",,,0,,,0,
SFV,,"8.04",,,0,,,0,
SFV,,"8.049999999999999",,,0,,,0,
SFV,,"8.059999999999999",,,0,,,0,
SFV,,"8.069999999999999",,,0,,,,
SFV,,"8.079999999999998",,,0,,,0,
SFV,,"8.089999999999998",,10.58,0,,0,1565.84,
SFV,,"8.099999999999998",,0,0,,0,,
SFV,,"8.109999999999998",,0,0,,0,,
SFV,,"9",,,,,,,
SFV,,"9.01",,,0,,,0,
SFV,,"9.02",,,0,,,0,
SFV,,"9.03",,,0,,,0,
SFV,,"9.04",,,0,,,0,
SFV,,"9.049999999999999",,,0,,,,